algorithm,dataset,model,sensitive_feature,run_id,budget,n_idis,idi_ratio,idi_diversity,runtime_seconds
RS,adult,dnn,race,0,1000,98,0.098,0.7645487785339355,18.35503387451172
GA-FT,adult,dnn,race,0,1000,122,0.122,1.0404901504516602,18.721624851226807
RS,adult,dnn,race,1,1000,87,0.087,0.7229568958282471,18.044100046157837
GA-FT,adult,dnn,race,1,1000,85,0.085,1.2165427207946777,18.07343316078186
RS,adult,dnn,race,2,1000,98,0.098,0.8355404734611511,17.943392992019653
GA-FT,adult,dnn,race,2,1000,59,0.059,1.2255139350891113,18.05368208885193
RS,adult,dnn,race,3,1000,114,0.114,0.8008259534835815,18.060806035995483
GA-FT,adult,dnn,race,3,1000,49,0.049,1.1033985614776611,18.061965942382812
RS,adult,dnn,race,4,1000,93,0.093,0.8493238091468811,17.990148067474365
GA-FT,adult,dnn,race,4,1000,123,0.123,1.1234753131866455,18.124834060668945
RS,adult,dnn,race,5,1000,94,0.094,0.7559155225753784,16.873690128326416
GA-FT,adult,dnn,race,5,1000,133,0.133,1.2346431016921997,17.842421054840088
RS,adult,dnn,race,6,1000,115,0.115,0.8502352237701416,17.512009859085083
GA-FT,adult,dnn,race,6,1000,172,0.172,1.1866931915283203,16.214303016662598
RS,adult,dnn,race,7,1000,94,0.094,0.8450809717178345,16.346220016479492
GA-FT,adult,dnn,race,7,1000,67,0.067,1.0978758335113525,16.174471855163574
RS,adult,dnn,race,8,1000,86,0.086,0.7562212347984314,16.19576120376587
GA-FT,adult,dnn,race,8,1000,83,0.083,1.131650447845459,16.200466871261597
RS,adult,dnn,race,9,1000,99,0.099,0.9019227027893066,16.12806510925293
GA-FT,adult,dnn,race,9,1000,84,0.084,1.165032982826233,16.17914915084839
RS,adult,dnn,race,10,1000,106,0.106,0.8754673004150391,16.221370935440063
GA-FT,adult,dnn,race,10,1000,86,0.086,1.0236842632293701,16.23120093345642
RS,adult,dnn,race,11,1000,98,0.098,0.8292461037635803,17.06362509727478
GA-FT,adult,dnn,race,11,1000,133,0.133,1.1251174211502075,16.173562049865723
RS,adult,dnn,race,12,1000,94,0.094,0.8601366281509399,16.227962970733643
GA-FT,adult,dnn,race,12,1000,186,0.186,1.1013637781143188,16.211952924728394
RS,adult,dnn,race,13,1000,106,0.106,0.8060577511787415,16.110939025878906
GA-FT,adult,dnn,race,13,1000,146,0.146,1.0408799648284912,16.24034810066223
RS,adult,dnn,race,14,1000,102,0.102,0.7320318818092346,16.383352994918823
GA-FT,adult,dnn,race,14,1000,98,0.098,1.2371734380722046,468.93971824645996
RS,adult,dnn,race,15,1000,93,0.093,0.8214426040649414,21.352458953857422
GA-FT,adult,dnn,race,15,1000,72,0.072,1.1787852048873901,19.357930898666382
RS,adult,dnn,race,16,1000,91,0.091,0.8104369640350342,19.06026315689087
GA-FT,adult,dnn,race,16,1000,92,0.092,0.9279884099960327,18.322890996932983
RS,adult,dnn,race,17,1000,107,0.107,0.7735162973403931,17.97853112220764
GA-FT,adult,dnn,race,17,1000,136,0.136,0.8955242037773132,18.13834500312805
RS,adult,dnn,race,18,1000,90,0.09,0.9029850959777832,18.069926977157593
GA-FT,adult,dnn,race,18,1000,117,0.117,1.1528345346450806,18.709280014038086
RS,adult,dnn,race,19,1000,103,0.103,0.7363005876541138,19.184122800827026
GA-FT,adult,dnn,race,19,1000,139,0.139,0.999552309513092,18.140952825546265
RS,adult,dnn,race,20,1000,94,0.094,0.8084940314292908,18.13641095161438
GA-FT,adult,dnn,race,20,1000,47,0.047,1.141892433166504,17.227484941482544
RS,adult,dnn,race,21,1000,96,0.096,0.7883354425430298,15.978820085525513
GA-FT,adult,dnn,race,21,1000,123,0.123,0.9282651543617249,15.992663621902466
RS,adult,dnn,race,22,1000,90,0.09,0.8468663692474365,15.992265939712524
GA-FT,adult,dnn,race,22,1000,51,0.051,1.2871474027633667,15.981037855148315
RS,adult,dnn,race,23,1000,82,0.082,0.7819115519523621,15.983530759811401
GA-FT,adult,dnn,race,23,1000,170,0.17,0.9334779381752014,15.997854948043823
RS,adult,dnn,race,24,1000,73,0.073,0.8850181102752686,15.875513792037964
GA-FT,adult,dnn,race,24,1000,216,0.216,0.9343916773796082,16.03611397743225
RS,adult,dnn,race,25,1000,106,0.106,0.8247987031936646,15.961101055145264
GA-FT,adult,dnn,race,25,1000,67,0.067,1.2587250471115112,15.992521047592163
RS,adult,dnn,race,26,1000,92,0.092,0.8329879641532898,16.35406994819641
GA-FT,adult,dnn,race,26,1000,77,0.077,1.331678867340088,16.2846417427063
RS,adult,dnn,race,27,1000,90,0.09,0.8589347004890442,16.24976110458374
GA-FT,adult,dnn,race,27,1000,157,0.157,1.0523056983947754,16.15135097503662
RS,adult,dnn,race,28,1000,97,0.097,0.8187181353569031,16.104977130889893
GA-FT,adult,dnn,race,28,1000,90,0.09,1.221444010734558,16.215292930603027
RS,adult,dnn,race,29,1000,79,0.079,0.8227869272232056,16.17026686668396
GA-FT,adult,dnn,race,29,1000,95,0.095,1.1279085874557495,16.23587393760681
RS,adult,dnn,gender,0,1000,43,0.043,0.6590790152549744,16.18269395828247
GA-FT,adult,dnn,gender,0,1000,36,0.036,1.2505378723144531,16.22422194480896
RS,adult,dnn,gender,1,1000,50,0.05,0.746141254901886,16.19235396385193
GA-FT,adult,dnn,gender,1,1000,53,0.053,1.2267754077911377,16.15902614593506
RS,adult,dnn,gender,2,1000,47,0.047,0.6938000917434692,16.226423025131226
GA-FT,adult,dnn,gender,2,1000,62,0.062,1.0126527547836304,21.321720123291016
RS,adult,dnn,gender,3,1000,52,0.052,0.6724652051925659,22.609841108322144
GA-FT,adult,dnn,gender,3,1000,25,0.025,1.0741429328918457,22.764757871627808
RS,adult,dnn,gender,4,1000,46,0.046,0.7553144097328186,22.572522163391113
GA-FT,adult,dnn,gender,4,1000,23,0.023,1.001756191253662,761.1141140460968
RS,adult,dnn,gender,5,1000,47,0.047,0.6499350070953369,20.77963900566101
GA-FT,adult,dnn,gender,5,1000,49,0.049,1.327262282371521,20.62541675567627
RS,adult,dnn,gender,6,1000,48,0.048,0.681321918964386,20.489125967025757
GA-FT,adult,dnn,gender,6,1000,36,0.036,1.3334704637527466,20.596271753311157
RS,adult,dnn,gender,7,1000,46,0.046,0.9360779523849487,20.56324791908264
GA-FT,adult,dnn,gender,7,1000,20,0.02,1.1388545036315918,20.51057720184326
RS,adult,dnn,gender,8,1000,42,0.042,0.5797401070594788,20.41695499420166
GA-FT,adult,dnn,gender,8,1000,39,0.039,1.1651122570037842,20.625710010528564
RS,adult,dnn,gender,9,1000,57,0.057,0.8406709432601929,20.548213005065918
GA-FT,adult,dnn,gender,9,1000,144,0.144,1.119982123374939,20.610944032669067
RS,adult,dnn,gender,10,1000,49,0.049,0.685462474822998,20.50509476661682
GA-FT,adult,dnn,gender,10,1000,35,0.035,1.182511568069458,20.66612410545349
RS,adult,dnn,gender,11,1000,46,0.046,0.8481174111366272,53.18998908996582
GA-FT,adult,dnn,gender,11,1000,54,0.054,1.0994114875793457,26.651007175445557
RS,adult,dnn,gender,12,1000,54,0.054,0.7931467890739441,25.85775065422058
GA-FT,adult,dnn,gender,12,1000,72,0.072,1.1853042840957642,559.5736320018768
RS,adult,dnn,gender,13,1000,54,0.054,0.75152188539505,27.968416929244995
GA-FT,adult,dnn,gender,13,1000,56,0.056,1.1832016706466675,26.187020778656006
RS,adult,dnn,gender,14,1000,46,0.046,0.6829713582992554,25.701560735702515
GA-FT,adult,dnn,gender,14,1000,101,0.101,1.2173048257827759,28.490071058273315
RS,adult,dnn,gender,15,1000,39,0.039,0.7945640087127686,28.66534972190857
GA-FT,adult,dnn,gender,15,1000,80,0.08,1.221023678779602,28.042625188827515
RS,adult,dnn,gender,16,1000,53,0.053,0.7381179332733154,27.706146717071533
GA-FT,adult,dnn,gender,16,1000,22,0.022,1.4001517295837402,27.883963108062744
RS,adult,dnn,gender,17,1000,54,0.054,0.7377995252609253,28.116634130477905
GA-FT,adult,dnn,gender,17,1000,47,0.047,1.3008992671966553,27.529062032699585
RS,adult,dnn,gender,18,1000,54,0.054,0.7416649460792542,27.662216186523438
GA-FT,adult,dnn,gender,18,1000,73,0.073,1.2843319177627563,27.63086485862732
RS,adult,dnn,gender,19,1000,48,0.048,0.762446403503418,27.53903579711914
GA-FT,adult,dnn,gender,19,1000,32,0.032,1.0611402988433838,25.741938829421997
RS,adult,dnn,gender,20,1000,42,0.042,0.7134904861450195,25.05282711982727
GA-FT,adult,dnn,gender,20,1000,50,0.05,1.2900433540344238,24.856833934783936
RS,adult,dnn,gender,21,1000,45,0.045,0.6266088485717773,29.09780716896057
GA-FT,adult,dnn,gender,21,1000,82,0.082,1.0891090631484985,29.08548092842102
RS,adult,dnn,gender,22,1000,48,0.048,0.7595546841621399,28.174264907836914
GA-FT,adult,dnn,gender,22,1000,42,0.042,1.1728953123092651,28.418945789337158
RS,adult,dnn,gender,23,1000,40,0.04,0.7199246287345886,26.151093006134033
GA-FT,adult,dnn,gender,23,1000,39,0.039,1.161810040473938,25.454001903533936
RS,adult,dnn,gender,24,1000,33,0.033,0.8431815505027771,25.381624937057495
GA-FT,adult,dnn,gender,24,1000,57,0.057,1.062005877494812,25.8716139793396
RS,adult,dnn,gender,25,1000,58,0.058,0.6830031275749207,25.74227786064148
GA-FT,adult,dnn,gender,25,1000,49,0.049,1.281961441040039,25.863506317138672
RS,adult,dnn,gender,26,1000,46,0.046,0.6976287364959717,25.606421947479248
GA-FT,adult,dnn,gender,26,1000,52,0.052,1.0716803073883057,25.902915000915527
RS,adult,dnn,gender,27,1000,36,0.036,0.6833701729774475,24.968754291534424
GA-FT,adult,dnn,gender,27,1000,19,0.019,1.2645366191864014,22.206676959991455
RS,adult,dnn,gender,28,1000,64,0.064,0.692800760269165,22.264411211013794
GA-FT,adult,dnn,gender,28,1000,54,0.054,1.1439095735549927,22.299816370010376
RS,adult,dnn,gender,29,1000,47,0.047,0.7564296126365662,22.258033275604248
GA-FT,adult,dnn,gender,29,1000,87,0.087,1.2494385242462158,22.367761850357056
RS,adult,dnn,age,0,1000,226,0.226,0.8727578520774841,23.624507188796997
GA-FT,adult,dnn,age,0,1000,530,0.53,1.2338123321533203,23.73099112510681
RS,adult,dnn,age,1,1000,249,0.249,0.8888493180274963,23.66578507423401
GA-FT,adult,dnn,age,1,1000,622,0.622,1.2402408123016357,23.848355054855347
RS,adult,dnn,age,2,1000,246,0.246,0.989439070224762,23.930159091949463
GA-FT,adult,dnn,age,2,1000,429,0.429,1.2024140357971191,23.77993607521057
RS,adult,dnn,age,3,1000,256,0.256,0.9096627235412598,23.828096866607666
GA-FT,adult,dnn,age,3,1000,527,0.527,1.1491327285766602,24.168224096298218
RS,adult,dnn,age,4,1000,245,0.245,0.9082658290863037,22.205368757247925
GA-FT,adult,dnn,age,4,1000,529,0.529,1.3322430849075317,21.739224910736084
RS,adult,dnn,age,5,1000,237,0.237,0.8826329708099365,927.6432847976685
GA-FT,adult,dnn,age,5,1000,536,0.536,1.231980800628662,28.27286195755005
RS,adult,dnn,age,6,1000,255,0.255,0.9264644980430603,28.014503955841064
GA-FT,adult,dnn,age,6,1000,561,0.561,1.3209611177444458,28.2517192363739
RS,adult,dnn,age,7,1000,245,0.245,0.9421573281288147,28.01299023628235
GA-FT,adult,dnn,age,7,1000,473,0.473,1.1640207767486572,28.129507064819336
RS,adult,dnn,age,8,1000,227,0.227,0.9247434139251709,980.3240330219269
GA-FT,adult,dnn,age,8,1000,521,0.521,1.2428333759307861,32.14223003387451
RS,adult,dnn,age,9,1000,243,0.243,0.9244475364685059,29.81209969520569
GA-FT,adult,dnn,age,9,1000,549,0.549,1.1718095541000366,29.72131872177124
RS,adult,dnn,age,10,1000,264,0.264,0.9432296752929688,960.9714949131012
GA-FT,adult,dnn,age,10,1000,502,0.502,1.2748137712478638,941.79842877388
RS,adult,dnn,age,11,1000,240,0.24,0.9791358709335327,25.705443143844604
GA-FT,adult,dnn,age,11,1000,501,0.501,1.2397879362106323,701.5222878456116
RS,adult,dnn,age,12,1000,264,0.264,0.9336844086647034,27.768418788909912
GA-FT,adult,dnn,age,12,1000,523,0.523,1.270695447921753,27.087978839874268
RS,adult,dnn,age,13,1000,258,0.258,0.9313037991523743,27.698737859725952
GA-FT,adult,dnn,age,13,1000,524,0.524,1.1527119874954224,1023.8715720176697
RS,adult,dnn,age,14,1000,243,0.243,0.8994042277336121,26.38471817970276
GA-FT,adult,dnn,age,14,1000,522,0.522,1.1770433187484741,26.24902081489563
RS,adult,dnn,age,15,1000,241,0.241,0.9180659055709839,27.916754961013794
GA-FT,adult,dnn,age,15,1000,527,0.527,1.2414389848709106,28.40883183479309
RS,adult,dnn,age,16,1000,244,0.244,0.9273266196250916,29.616416692733765
GA-FT,adult,dnn,age,16,1000,553,0.553,1.291174292564392,657.3352518081665
RS,adult,dnn,age,17,1000,253,0.253,0.897094190120697,232.8232970237732
GA-FT,adult,dnn,age,17,1000,573,0.573,1.2505850791931152,26.131518125534058
RS,adult,dnn,age,18,1000,247,0.247,0.9593386054039001,949.0649080276489
GA-FT,adult,dnn,age,18,1000,609,0.609,1.297976016998291,26.658090114593506
RS,adult,dnn,age,19,1000,238,0.238,0.9159031510353088,931.92990899086
GA-FT,adult,dnn,age,19,1000,439,0.439,1.2881922721862793,26.475449085235596
RS,adult,dnn,age,20,1000,251,0.251,0.9922378063201904,933.932507276535
GA-FT,adult,dnn,age,20,1000,559,0.559,1.2160444259643555,25.869792222976685
RS,adult,dnn,age,21,1000,231,0.231,0.918003499507904,749.8864057064056
GA-FT,adult,dnn,age,21,1000,510,0.51,1.2907934188842773,25.75710105895996
RS,adult,dnn,age,22,1000,224,0.224,0.9175910949707031,997.4610378742218
GA-FT,adult,dnn,age,22,1000,543,0.543,1.1784411668777466,25.616868019104004
RS,adult,dnn,age,23,1000,236,0.236,0.917199432849884,924.8838000297546
GA-FT,adult,dnn,age,23,1000,574,0.574,1.4074983596801758,924.288961648941
RS,adult,dnn,age,24,1000,248,0.248,0.8909462094306946,26.34543490409851
GA-FT,adult,dnn,age,24,1000,577,0.577,1.2638583183288574,24.509599924087524
RS,adult,dnn,age,25,1000,250,0.25,0.9403560757637024,712.6977891921997
GA-FT,adult,dnn,age,25,1000,578,0.578,1.3203357458114624,22.793914318084717
RS,adult,dnn,age,26,1000,243,0.243,0.9411770701408386,943.1576159000397
GA-FT,adult,dnn,age,26,1000,477,0.477,1.3112998008728027,23.294447898864746
RS,adult,dnn,age,27,1000,247,0.247,0.9259216785430908,979.2016899585724
GA-FT,adult,dnn,age,27,1000,588,0.588,1.1907048225402832,22.960614919662476
RS,adult,dnn,age,28,1000,257,0.257,0.9187597036361694,1015.8330078125
GA-FT,adult,dnn,age,28,1000,533,0.533,1.2088719606399536,23.353330850601196
RS,adult,dnn,age,29,1000,255,0.255,0.9386855363845825,22.635293006896973
GA-FT,adult,dnn,age,29,1000,461,0.461,1.254177212715149,614.6279528141022
RS,adult,lr,race,0,1000,70,0.07,0.7343593835830688,0.09322690963745117
GA-FT,adult,lr,race,0,1000,125,0.125,1.4058867692947388,0.12431001663208008
RS,adult,lr,race,1,1000,83,0.083,0.6072981953620911,0.08868098258972168
GA-FT,adult,lr,race,1,1000,139,0.139,1.383736491203308,0.12426400184631348
RS,adult,lr,race,2,1000,72,0.072,0.7036383748054504,0.0892038345336914
GA-FT,adult,lr,race,2,1000,107,0.107,1.4423762559890747,0.12374711036682129
RS,adult,lr,race,3,1000,53,0.053,0.7307779788970947,0.09260201454162598
GA-FT,adult,lr,race,3,1000,128,0.128,1.4467418193817139,0.1310100555419922
RS,adult,lr,race,4,1000,80,0.08,0.7060728669166565,0.09254789352416992
GA-FT,adult,lr,race,4,1000,135,0.135,1.359574556350708,0.1298072338104248
RS,adult,lr,race,5,1000,63,0.063,0.6469048261642456,0.09408879280090332
GA-FT,adult,lr,race,5,1000,141,0.141,1.2934787273406982,0.12555384635925293
RS,adult,lr,race,6,1000,68,0.068,0.7268542647361755,0.09507608413696289
GA-FT,adult,lr,race,6,1000,138,0.138,1.272557258605957,0.12379789352416992
RS,adult,lr,race,7,1000,71,0.071,0.7395682334899902,0.08988595008850098
GA-FT,adult,lr,race,7,1000,120,0.12,1.3210668563842773,0.12377619743347168
RS,adult,lr,race,8,1000,67,0.067,0.7494480609893799,0.09150409698486328
GA-FT,adult,lr,race,8,1000,89,0.089,1.2749015092849731,0.12154603004455566
RS,adult,lr,race,9,1000,75,0.075,0.6640980243682861,0.0920250415802002
GA-FT,adult,lr,race,9,1000,120,0.12,1.2943320274353027,0.12535595893859863
RS,adult,lr,race,10,1000,76,0.076,0.6987914443016052,0.0926971435546875
GA-FT,adult,lr,race,10,1000,134,0.134,1.2817878723144531,0.12671208381652832
RS,adult,lr,race,11,1000,68,0.068,0.7590013146400452,0.09317612648010254
GA-FT,adult,lr,race,11,1000,115,0.115,1.2803449630737305,0.12511992454528809
RS,adult,lr,race,12,1000,69,0.069,0.6710022687911987,0.09365034103393555
GA-FT,adult,lr,race,12,1000,120,0.12,1.1711665391921997,0.12920498847961426
RS,adult,lr,race,13,1000,55,0.055,0.7402653694152832,0.09251785278320312
GA-FT,adult,lr,race,13,1000,142,0.142,1.353898286819458,0.12508797645568848
RS,adult,lr,race,14,1000,75,0.075,0.6390179395675659,0.09253382682800293
GA-FT,adult,lr,race,14,1000,154,0.154,1.4758378267288208,0.1260528564453125
RS,adult,lr,race,15,1000,64,0.064,0.6843169927597046,0.09869790077209473
GA-FT,adult,lr,race,15,1000,114,0.114,1.230297565460205,0.12769317626953125
RS,adult,lr,race,16,1000,58,0.058,0.6624450087547302,0.09337711334228516
GA-FT,adult,lr,race,16,1000,113,0.113,1.2575327157974243,0.1267228126525879
RS,adult,lr,race,17,1000,81,0.081,0.7057206034660339,0.09025883674621582
GA-FT,adult,lr,race,17,1000,105,0.105,1.215474009513855,0.12980413436889648
RS,adult,lr,race,18,1000,69,0.069,0.702967643737793,0.09964990615844727
GA-FT,adult,lr,race,18,1000,134,0.134,1.2775620222091675,0.1255791187286377
RS,adult,lr,race,19,1000,56,0.056,0.7167447805404663,0.09583711624145508
GA-FT,adult,lr,race,19,1000,148,0.148,1.2601258754730225,0.12420892715454102
RS,adult,lr,race,20,1000,61,0.061,0.7234633564949036,0.09360313415527344
GA-FT,adult,lr,race,20,1000,141,0.141,1.365663766860962,0.1271648406982422
RS,adult,lr,race,21,1000,59,0.059,0.733424186706543,0.09261202812194824
GA-FT,adult,lr,race,21,1000,168,0.168,1.1788604259490967,0.12732601165771484
RS,adult,lr,race,22,1000,58,0.058,0.7328760623931885,0.09112906455993652
GA-FT,adult,lr,race,22,1000,169,0.169,1.1737070083618164,0.1261751651763916
RS,adult,lr,race,23,1000,60,0.06,0.7408030033111572,0.09308505058288574
GA-FT,adult,lr,race,23,1000,148,0.148,1.3750005960464478,0.12825298309326172
RS,adult,lr,race,24,1000,71,0.071,0.6529410481452942,0.09041976928710938
GA-FT,adult,lr,race,24,1000,130,0.13,1.2754415273666382,0.12291097640991211
RS,adult,lr,race,25,1000,66,0.066,0.6642714142799377,0.09273982048034668
GA-FT,adult,lr,race,25,1000,120,0.12,1.4320405721664429,0.12264108657836914
RS,adult,lr,race,26,1000,82,0.082,0.6646398901939392,0.09047293663024902
GA-FT,adult,lr,race,26,1000,149,0.149,1.4410336017608643,0.12660622596740723
RS,adult,lr,race,27,1000,62,0.062,0.7692999839782715,0.09368205070495605
GA-FT,adult,lr,race,27,1000,132,0.132,1.2981820106506348,0.12468981742858887
RS,adult,lr,race,28,1000,76,0.076,0.7173706293106079,0.09348201751708984
GA-FT,adult,lr,race,28,1000,106,0.106,1.35364830493927,0.12543106079101562
RS,adult,lr,race,29,1000,81,0.081,0.694526731967926,0.09112811088562012
GA-FT,adult,lr,race,29,1000,126,0.126,1.160762906074524,0.12538981437683105
RS,adult,lr,gender,0,1000,89,0.089,0.8389321565628052,0.09531497955322266
GA-FT,adult,lr,gender,0,1000,177,0.177,1.4928550720214844,0.1474919319152832
RS,adult,lr,gender,1,1000,104,0.104,0.7598848938941956,0.09925293922424316
GA-FT,adult,lr,gender,1,1000,194,0.194,1.479898452758789,0.1348731517791748
RS,adult,lr,gender,2,1000,86,0.086,0.8043191432952881,0.09851789474487305
GA-FT,adult,lr,gender,2,1000,159,0.159,1.4338339567184448,0.13038182258605957
RS,adult,lr,gender,3,1000,75,0.075,0.8059517741203308,0.09265780448913574
GA-FT,adult,lr,gender,3,1000,180,0.18,1.326080560684204,0.12757110595703125
RS,adult,lr,gender,4,1000,88,0.088,0.7780600786209106,0.09250402450561523
GA-FT,adult,lr,gender,4,1000,206,0.206,1.282080054283142,0.12438607215881348
RS,adult,lr,gender,5,1000,79,0.079,0.8045158386230469,0.09311103820800781
GA-FT,adult,lr,gender,5,1000,205,0.205,1.2902147769927979,0.12814998626708984
RS,adult,lr,gender,6,1000,89,0.089,0.8336094617843628,0.09416389465332031
GA-FT,adult,lr,gender,6,1000,184,0.184,1.2650909423828125,0.1268911361694336
RS,adult,lr,gender,7,1000,90,0.09,0.8857194185256958,0.09414100646972656
GA-FT,adult,lr,gender,7,1000,182,0.182,1.3828402757644653,0.1350100040435791
RS,adult,lr,gender,8,1000,82,0.082,0.7500929236412048,0.09343385696411133
GA-FT,adult,lr,gender,8,1000,138,0.138,1.2944608926773071,0.1271369457244873
RS,adult,lr,gender,9,1000,90,0.09,0.7636011838912964,0.0930778980255127
GA-FT,adult,lr,gender,9,1000,173,0.173,1.2461202144622803,0.1249539852142334
RS,adult,lr,gender,10,1000,92,0.092,0.795535683631897,0.09062504768371582
GA-FT,adult,lr,gender,10,1000,174,0.174,1.3645029067993164,0.13643789291381836
RS,adult,lr,gender,11,1000,85,0.085,0.8732437491416931,0.09201598167419434
GA-FT,adult,lr,gender,11,1000,176,0.176,1.1995375156402588,0.1279160976409912
RS,adult,lr,gender,12,1000,80,0.08,0.7522558569908142,0.09354925155639648
GA-FT,adult,lr,gender,12,1000,184,0.184,1.3316612243652344,0.12517309188842773
RS,adult,lr,gender,13,1000,62,0.062,0.8512123823165894,0.09079766273498535
GA-FT,adult,lr,gender,13,1000,181,0.181,1.337624192237854,0.14552879333496094
RS,adult,lr,gender,14,1000,92,0.092,0.7330260276794434,0.09976911544799805
GA-FT,adult,lr,gender,14,1000,215,0.215,1.440760850906372,0.13764190673828125
RS,adult,lr,gender,15,1000,85,0.085,0.8333015441894531,0.10128593444824219
GA-FT,adult,lr,gender,15,1000,185,0.185,1.270701289176941,0.13598012924194336
RS,adult,lr,gender,16,1000,76,0.076,0.8057929873466492,0.10615706443786621
GA-FT,adult,lr,gender,16,1000,225,0.225,1.2400456666946411,0.13286590576171875
RS,adult,lr,gender,17,1000,88,0.088,0.756737470626831,0.09301400184631348
GA-FT,adult,lr,gender,17,1000,163,0.163,1.3995826244354248,0.1272120475769043
RS,adult,lr,gender,18,1000,81,0.081,0.8375067710876465,0.0900261402130127
GA-FT,adult,lr,gender,18,1000,203,0.203,1.2103534936904907,0.1270279884338379
RS,adult,lr,gender,19,1000,70,0.07,0.8379116058349609,0.09294605255126953
GA-FT,adult,lr,gender,19,1000,202,0.202,1.3259292840957642,0.12836599349975586
RS,adult,lr,gender,20,1000,72,0.072,0.8660508394241333,0.09044671058654785
GA-FT,adult,lr,gender,20,1000,210,0.21,1.421635627746582,0.12539196014404297
RS,adult,lr,gender,21,1000,76,0.076,0.8041918277740479,0.09278202056884766
GA-FT,adult,lr,gender,21,1000,193,0.193,1.419673204421997,0.1287980079650879
RS,adult,lr,gender,22,1000,67,0.067,0.8194515109062195,0.09241127967834473
GA-FT,adult,lr,gender,22,1000,175,0.175,1.3632742166519165,0.12458491325378418
RS,adult,lr,gender,23,1000,70,0.07,0.8384109735488892,0.09245514869689941
GA-FT,adult,lr,gender,23,1000,209,0.209,1.3331429958343506,0.13029003143310547
RS,adult,lr,gender,24,1000,84,0.084,0.7174803614616394,0.09752821922302246
GA-FT,adult,lr,gender,24,1000,177,0.177,1.357464075088501,0.12736797332763672
RS,adult,lr,gender,25,1000,77,0.077,0.7761185169219971,0.09362316131591797
GA-FT,adult,lr,gender,25,1000,162,0.162,1.2885123491287231,0.12479400634765625
RS,adult,lr,gender,26,1000,93,0.093,0.7186154723167419,0.0937349796295166
GA-FT,adult,lr,gender,26,1000,181,0.181,1.3974798917770386,0.12505817413330078
RS,adult,lr,gender,27,1000,73,0.073,0.8494470119476318,0.08979010581970215
GA-FT,adult,lr,gender,27,1000,182,0.182,1.3695193529129028,0.12716102600097656
RS,adult,lr,gender,28,1000,97,0.097,0.839871346950531,0.09198594093322754
GA-FT,adult,lr,gender,28,1000,170,0.17,1.377652645111084,0.12420988082885742
RS,adult,lr,gender,29,1000,91,0.091,0.7562516331672668,0.09049105644226074
GA-FT,adult,lr,gender,29,1000,180,0.18,1.2895418405532837,0.12668275833129883
RS,adult,lr,age,0,1000,532,0.532,0.9575061202049255,0.10327720642089844
GA-FT,adult,lr,age,0,1000,734,0.734,1.4355785846710205,0.14510011672973633
RS,adult,lr,age,1,1000,581,0.581,0.9646022319793701,0.09936094284057617
GA-FT,adult,lr,age,1,1000,777,0.777,1.340394139289856,0.13951587677001953
RS,adult,lr,age,2,1000,530,0.53,0.9723012447357178,0.10337519645690918
GA-FT,adult,lr,age,2,1000,750,0.75,1.3763586282730103,0.14951395988464355
RS,adult,lr,age,3,1000,572,0.572,0.981020987033844,0.09549593925476074
GA-FT,adult,lr,age,3,1000,720,0.72,1.3341526985168457,0.13747310638427734
RS,adult,lr,age,4,1000,579,0.579,0.9753379225730896,0.09760308265686035
GA-FT,adult,lr,age,4,1000,778,0.778,1.355332374572754,0.14211297035217285
RS,adult,lr,age,5,1000,529,0.529,0.9657306671142578,0.09766221046447754
GA-FT,adult,lr,age,5,1000,759,0.759,1.3877249956130981,0.1406087875366211
RS,adult,lr,age,6,1000,563,0.563,0.9525071382522583,0.09831976890563965
GA-FT,adult,lr,age,6,1000,695,0.695,1.4510408639907837,0.13923382759094238
RS,adult,lr,age,7,1000,544,0.544,0.9798977971076965,0.09742307662963867
GA-FT,adult,lr,age,7,1000,745,0.745,1.4045584201812744,0.14002084732055664
RS,adult,lr,age,8,1000,559,0.559,0.9754599332809448,0.09634780883789062
GA-FT,adult,lr,age,8,1000,745,0.745,1.3990474939346313,0.14205503463745117
RS,adult,lr,age,9,1000,548,0.548,0.9597530961036682,0.09953689575195312
GA-FT,adult,lr,age,9,1000,747,0.747,1.397262692451477,0.1384739875793457
RS,adult,lr,age,10,1000,580,0.58,0.9715251922607422,0.09607815742492676
GA-FT,adult,lr,age,10,1000,752,0.752,1.333081841468811,0.1398601531982422
RS,adult,lr,age,11,1000,542,0.542,0.9914363026618958,0.09409713745117188
GA-FT,adult,lr,age,11,1000,773,0.773,1.3455873727798462,0.1384119987487793
RS,adult,lr,age,12,1000,565,0.565,0.9586659669876099,0.09869694709777832
GA-FT,adult,lr,age,12,1000,744,0.744,1.3282214403152466,0.1396949291229248
RS,adult,lr,age,13,1000,571,0.571,0.9718008041381836,0.09726214408874512
GA-FT,adult,lr,age,13,1000,761,0.761,1.34263277053833,0.13927602767944336
RS,adult,lr,age,14,1000,546,0.546,0.9693090319633484,0.09811282157897949
GA-FT,adult,lr,age,14,1000,772,0.772,1.3323134183883667,0.1418440341949463
RS,adult,lr,age,15,1000,549,0.549,0.9722626209259033,0.09685730934143066
GA-FT,adult,lr,age,15,1000,737,0.737,1.2848353385925293,0.13947224617004395
RS,adult,lr,age,16,1000,550,0.55,0.960470974445343,0.09807419776916504
GA-FT,adult,lr,age,16,1000,782,0.782,1.265795350074768,0.1358349323272705
RS,adult,lr,age,17,1000,584,0.584,0.9517322778701782,0.09569382667541504
GA-FT,adult,lr,age,17,1000,743,0.743,1.450441837310791,0.14315009117126465
RS,adult,lr,age,18,1000,565,0.565,0.966841995716095,0.09494924545288086
GA-FT,adult,lr,age,18,1000,718,0.718,1.4987362623214722,0.1416628360748291
RS,adult,lr,age,19,1000,570,0.57,0.9688149690628052,0.09763574600219727
GA-FT,adult,lr,age,19,1000,690,0.69,1.3766547441482544,0.13672399520874023
RS,adult,lr,age,20,1000,542,0.542,0.977739691734314,0.10565376281738281
GA-FT,adult,lr,age,20,1000,672,0.672,1.4132277965545654,0.13946771621704102
RS,adult,lr,age,21,1000,542,0.542,0.9845899343490601,0.09546995162963867
GA-FT,adult,lr,age,21,1000,735,0.735,1.3795843124389648,0.1372530460357666
RS,adult,lr,age,22,1000,553,0.553,0.9753724932670593,0.0986781120300293
GA-FT,adult,lr,age,22,1000,699,0.699,1.4025903940200806,0.14305996894836426
RS,adult,lr,age,23,1000,551,0.551,0.9920780658721924,0.10294580459594727
GA-FT,adult,lr,age,23,1000,761,0.761,1.329437494277954,0.14028692245483398
RS,adult,lr,age,24,1000,568,0.568,0.962670624256134,0.09824299812316895
GA-FT,adult,lr,age,24,1000,765,0.765,1.3111376762390137,0.13966822624206543
RS,adult,lr,age,25,1000,518,0.518,0.966875433921814,0.0965890884399414
GA-FT,adult,lr,age,25,1000,754,0.754,1.4408761262893677,0.14187026023864746
RS,adult,lr,age,26,1000,542,0.542,0.9681037068367004,0.09802508354187012
GA-FT,adult,lr,age,26,1000,758,0.758,1.3399714231491089,0.1394481658935547
RS,adult,lr,age,27,1000,537,0.537,0.9636673927307129,0.09723496437072754
GA-FT,adult,lr,age,27,1000,726,0.726,1.2830225229263306,0.13989806175231934
RS,adult,lr,age,28,1000,555,0.555,0.95993971824646,0.09591817855834961
GA-FT,adult,lr,age,28,1000,733,0.733,1.2902215719223022,0.13672828674316406
RS,adult,lr,age,29,1000,582,0.582,0.9720726609230042,0.0951082706451416
GA-FT,adult,lr,age,29,1000,750,0.75,1.3086957931518555,0.13779926300048828
RS,adult,rf,race,0,1000,130,0.13,0.8174450397491455,1032.6754157543182
GA-FT,adult,rf,race,0,1000,157,0.157,0.8782157897949219,14.73991084098816
RS,adult,rf,race,1,1000,144,0.144,0.8252219557762146,14.613062858581543
GA-FT,adult,rf,race,1,1000,215,0.215,0.9626811146736145,956.2531378269196
RS,adult,rf,race,2,1000,133,0.133,0.8539713621139526,14.616671085357666
GA-FT,adult,rf,race,2,1000,216,0.216,0.8488714694976807,14.576848030090332
RS,adult,rf,race,3,1000,134,0.134,0.7990437150001526,14.725181102752686
GA-FT,adult,rf,race,3,1000,261,0.261,1.1151665449142456,181.05877709388733
RS,adult,rf,race,4,1000,145,0.145,0.7964736819267273,14.529520988464355
GA-FT,adult,rf,race,4,1000,201,0.201,0.8241919279098511,14.621634721755981
RS,adult,rf,race,5,1000,139,0.139,0.8644918203353882,976.3275310993195
GA-FT,adult,rf,race,5,1000,148,0.148,0.9176177382469177,14.61579418182373
RS,adult,rf,race,6,1000,133,0.133,0.8250048160552979,14.574230194091797
GA-FT,adult,rf,race,6,1000,139,0.139,1.297404408454895,14.600897073745728
RS,adult,rf,race,7,1000,142,0.142,0.8501421809196472,14.566057920455933
GA-FT,adult,rf,race,7,1000,238,0.238,0.8422483205795288,14.58764910697937
RS,adult,rf,race,8,1000,124,0.124,0.8673023581504822,14.530715942382812
GA-FT,adult,rf,race,8,1000,196,0.196,0.8841694593429565,14.672848224639893
RS,adult,rf,race,9,1000,145,0.145,0.8900649547576904,14.626657962799072
GA-FT,adult,rf,race,9,1000,185,0.185,1.134338140487671,14.654279947280884
RS,adult,rf,race,10,1000,146,0.146,0.9157142043113708,14.592363834381104
GA-FT,adult,rf,race,10,1000,194,0.194,1.1380043029785156,14.55249309539795
RS,adult,rf,race,11,1000,143,0.143,0.9325540065765381,14.665066957473755
GA-FT,adult,rf,race,11,1000,188,0.188,0.8157060742378235,14.603241920471191
RS,adult,rf,race,12,1000,153,0.153,0.9053970575332642,14.56551480293274
GA-FT,adult,rf,race,12,1000,159,0.159,0.9303339719772339,14.565051794052124
RS,adult,rf,race,13,1000,136,0.136,0.8693432807922363,14.59669828414917
GA-FT,adult,rf,race,13,1000,215,0.215,0.867398202419281,14.577193021774292
RS,adult,rf,race,14,1000,148,0.148,0.8268399834632874,14.612685918807983
GA-FT,adult,rf,race,14,1000,246,0.246,0.8911188244819641,14.63300895690918
RS,adult,rf,race,15,1000,141,0.141,0.7980819940567017,14.62783408164978
GA-FT,adult,rf,race,15,1000,168,0.168,0.7729275226593018,14.68813419342041
RS,adult,rf,race,16,1000,148,0.148,0.87620609998703,14.624577045440674
GA-FT,adult,rf,race,16,1000,153,0.153,0.9958238005638123,14.533597946166992
RS,adult,rf,race,17,1000,147,0.147,0.8617624640464783,14.709940195083618
GA-FT,adult,rf,race,17,1000,173,0.173,1.059454321861267,14.607486009597778
RS,adult,rf,race,18,1000,135,0.135,0.8540887832641602,14.602405786514282
GA-FT,adult,rf,race,18,1000,199,0.199,1.1363439559936523,14.617519855499268
RS,adult,rf,race,19,1000,138,0.138,0.9115003943443298,14.60381817817688
GA-FT,adult,rf,race,19,1000,205,0.205,0.9336246848106384,14.570671081542969
RS,adult,rf,race,20,1000,141,0.141,0.928961455821991,14.551500797271729
GA-FT,adult,rf,race,20,1000,191,0.191,1.0886369943618774,14.603772163391113
RS,adult,rf,race,21,1000,148,0.148,0.8587693572044373,14.663212060928345
GA-FT,adult,rf,race,21,1000,214,0.214,0.7116224765777588,14.588911294937134
RS,adult,rf,race,22,1000,135,0.135,0.8533387780189514,14.625944137573242
GA-FT,adult,rf,race,22,1000,207,0.207,0.8555902242660522,14.59192442893982
RS,adult,rf,race,23,1000,130,0.13,0.8394385576248169,14.59422779083252
GA-FT,adult,rf,race,23,1000,146,0.146,0.7688238024711609,14.6005277633667
RS,adult,rf,race,24,1000,117,0.117,0.8304569721221924,14.607851028442383
GA-FT,adult,rf,race,24,1000,139,0.139,0.8246778249740601,14.659318208694458
RS,adult,rf,race,25,1000,131,0.131,0.8857524991035461,14.56745195388794
GA-FT,adult,rf,race,25,1000,197,0.197,0.8948386907577515,14.666448831558228
RS,adult,rf,race,26,1000,141,0.141,0.8073713779449463,14.654788970947266
GA-FT,adult,rf,race,26,1000,186,0.186,0.9206531643867493,14.664454936981201
RS,adult,rf,race,27,1000,149,0.149,0.8513539433479309,14.56048059463501
GA-FT,adult,rf,race,27,1000,252,0.252,0.8351485729217529,14.682287216186523
RS,adult,rf,race,28,1000,162,0.162,0.8670475482940674,14.636478900909424
GA-FT,adult,rf,race,28,1000,203,0.203,0.9949638843536377,14.597596168518066
RS,adult,rf,race,29,1000,153,0.153,0.8884347081184387,14.595110893249512
GA-FT,adult,rf,race,29,1000,267,0.267,0.8714616298675537,14.65802812576294
RS,adult,rf,gender,0,1000,47,0.047,1.0504263639450073,14.578965902328491
GA-FT,adult,rf,gender,0,1000,90,0.09,0.9747477173805237,14.599519968032837
RS,adult,rf,gender,1,1000,52,0.052,0.9741748571395874,14.60467791557312
GA-FT,adult,rf,gender,1,1000,156,0.156,1.2340764999389648,14.528528928756714
RS,adult,rf,gender,2,1000,43,0.043,1.0503699779510498,14.565474033355713
GA-FT,adult,rf,gender,2,1000,105,0.105,0.9514263868331909,14.611767053604126
RS,adult,rf,gender,3,1000,42,0.042,1.0201236009597778,14.589051961898804
GA-FT,adult,rf,gender,3,1000,111,0.111,1.072660207748413,14.596000909805298
RS,adult,rf,gender,4,1000,45,0.045,0.985860288143158,14.590190172195435
GA-FT,adult,rf,gender,4,1000,96,0.096,0.8664790987968445,14.582036972045898
RS,adult,rf,gender,5,1000,45,0.045,1.107254147529602,14.588664054870605
GA-FT,adult,rf,gender,5,1000,25,0.025,0.9376377463340759,14.610069036483765
RS,adult,rf,gender,6,1000,42,0.042,1.0312128067016602,14.488893985748291
GA-FT,adult,rf,gender,6,1000,54,0.054,1.1276941299438477,14.63488483428955
RS,adult,rf,gender,7,1000,38,0.038,1.110671043395996,14.585554838180542
GA-FT,adult,rf,gender,7,1000,145,0.145,0.9215131998062134,14.624046087265015
RS,adult,rf,gender,8,1000,39,0.039,1.1142206192016602,14.644855976104736
GA-FT,adult,rf,gender,8,1000,111,0.111,1.0854936838150024,14.524492740631104
RS,adult,rf,gender,9,1000,57,0.057,1.0174468755722046,14.564157962799072
GA-FT,adult,rf,gender,9,1000,83,0.083,0.6790746450424194,14.641182899475098
RS,adult,rf,gender,10,1000,45,0.045,1.0507014989852905,14.553929805755615
GA-FT,adult,rf,gender,10,1000,103,0.103,1.1831945180892944,14.639142036437988
RS,adult,rf,gender,11,1000,48,0.048,1.1412633657455444,14.567293882369995
GA-FT,adult,rf,gender,11,1000,71,0.071,0.6767666935920715,14.563228130340576
RS,adult,rf,gender,12,1000,51,0.051,1.0749136209487915,14.531222105026245
GA-FT,adult,rf,gender,12,1000,195,0.195,0.7120897769927979,14.549125909805298
RS,adult,rf,gender,13,1000,32,0.032,0.9619317054748535,14.589843034744263
GA-FT,adult,rf,gender,13,1000,90,0.09,0.885435938835144,14.573030948638916
RS,adult,rf,gender,14,1000,43,0.043,1.0621830224990845,14.587668895721436
GA-FT,adult,rf,gender,14,1000,132,0.132,0.971662163734436,14.570328950881958
RS,adult,rf,gender,15,1000,41,0.041,1.0394920110702515,14.647506952285767
GA-FT,adult,rf,gender,15,1000,110,0.11,1.0945054292678833,14.613269090652466
RS,adult,rf,gender,16,1000,51,0.051,1.0259575843811035,14.521585941314697
GA-FT,adult,rf,gender,16,1000,54,0.054,1.025622010231018,14.55046010017395
RS,adult,rf,gender,17,1000,43,0.043,1.0962969064712524,14.613431930541992
GA-FT,adult,rf,gender,17,1000,66,0.066,0.8728694319725037,14.5388343334198
RS,adult,rf,gender,18,1000,37,0.037,1.0008703470230103,14.601185083389282
GA-FT,adult,rf,gender,18,1000,149,0.149,1.0228087902069092,14.621313095092773
RS,adult,rf,gender,19,1000,40,0.04,1.1069530248641968,14.577625036239624
GA-FT,adult,rf,gender,19,1000,150,0.15,0.8897760510444641,14.569642066955566
RS,adult,rf,gender,20,1000,31,0.031,1.022821068763733,14.544502973556519
GA-FT,adult,rf,gender,20,1000,146,0.146,0.7064014673233032,14.533710241317749
RS,adult,rf,gender,21,1000,48,0.048,1.058395504951477,14.577347993850708
GA-FT,adult,rf,gender,21,1000,55,0.055,1.2437283992767334,14.844440221786499
RS,adult,rf,gender,22,1000,50,0.05,1.0951496362686157,15.103669881820679
GA-FT,adult,rf,gender,22,1000,45,0.045,1.3578441143035889,14.910215139389038
RS,adult,rf,gender,23,1000,46,0.046,1.1054964065551758,15.046910047531128
GA-FT,adult,rf,gender,23,1000,137,0.137,0.9314197301864624,14.8979971408844
RS,adult,rf,gender,24,1000,34,0.034,1.001828908920288,14.535479068756104
GA-FT,adult,rf,gender,24,1000,150,0.15,0.987926185131073,13.282684087753296
RS,adult,rf,gender,25,1000,29,0.029,1.0788785219192505,13.367042064666748
GA-FT,adult,rf,gender,25,1000,52,0.052,1.1448286771774292,13.37399697303772
RS,adult,rf,gender,26,1000,47,0.047,0.9624876976013184,13.253624677658081
GA-FT,adult,rf,gender,26,1000,196,0.196,1.0795732736587524,13.290171146392822
RS,adult,rf,gender,27,1000,47,0.047,1.0604972839355469,13.35000205039978
GA-FT,adult,rf,gender,27,1000,83,0.083,1.1705515384674072,13.416600227355957
RS,adult,rf,gender,28,1000,55,0.055,1.038227915763855,13.31000018119812
GA-FT,adult,rf,gender,28,1000,104,0.104,0.9486048221588135,13.358492136001587
RS,adult,rf,gender,29,1000,56,0.056,1.0728737115859985,13.280436038970947
GA-FT,adult,rf,gender,29,1000,81,0.081,1.2088202238082886,13.345916986465454
RS,adult,rf,age,0,1000,350,0.35,0.9192890524864197,13.167060852050781
GA-FT,adult,rf,age,0,1000,374,0.374,0.9263043403625488,13.141872882843018
RS,adult,rf,age,1,1000,373,0.373,0.9310835003852844,12.836361169815063
GA-FT,adult,rf,age,1,1000,352,0.352,0.8716511726379395,12.969413995742798
RS,adult,rf,age,2,1000,373,0.373,1.0033197402954102,12.768401861190796
GA-FT,adult,rf,age,2,1000,470,0.47,1.210522174835205,12.831273794174194
RS,adult,rf,age,3,1000,386,0.386,0.96946781873703,12.83579397201538
GA-FT,adult,rf,age,3,1000,372,0.372,1.0835933685302734,12.883294820785522
RS,adult,rf,age,4,1000,377,0.377,0.9323306679725647,12.800265073776245
GA-FT,adult,rf,age,4,1000,393,0.393,0.8763241767883301,12.926055908203125
RS,adult,rf,age,5,1000,377,0.377,0.9686574935913086,12.840321063995361
GA-FT,adult,rf,age,5,1000,416,0.416,1.0983939170837402,12.964884996414185
RS,adult,rf,age,6,1000,371,0.371,0.957653284072876,12.776391983032227
GA-FT,adult,rf,age,6,1000,417,0.417,1.2140345573425293,14.026952981948853
RS,adult,rf,age,7,1000,362,0.362,0.9546153545379639,14.639851093292236
GA-FT,adult,rf,age,7,1000,407,0.407,1.0410032272338867,14.75756311416626
RS,adult,rf,age,8,1000,381,0.381,0.9953135848045349,14.663628101348877
GA-FT,adult,rf,age,8,1000,407,0.407,1.0351842641830444,14.859093189239502
RS,adult,rf,age,9,1000,388,0.388,0.9670754075050354,14.627090215682983
GA-FT,adult,rf,age,9,1000,441,0.441,1.0091488361358643,14.821231842041016
RS,adult,rf,age,10,1000,393,0.393,0.9807987809181213,14.752840995788574
GA-FT,adult,rf,age,10,1000,456,0.456,1.1676809787750244,14.74769115447998
RS,adult,rf,age,11,1000,373,0.373,1.0065778493881226,14.684482097625732
GA-FT,adult,rf,age,11,1000,423,0.423,1.1115317344665527,14.80744218826294
RS,adult,rf,age,12,1000,382,0.382,0.9433717727661133,14.67234492301941
GA-FT,adult,rf,age,12,1000,351,0.351,0.9461117386817932,14.726614952087402
RS,adult,rf,age,13,1000,386,0.386,0.9642619490623474,14.749722957611084
GA-FT,adult,rf,age,13,1000,419,0.419,1.0615839958190918,14.923245906829834
RS,adult,rf,age,14,1000,357,0.357,0.9573403000831604,14.70151686668396
GA-FT,adult,rf,age,14,1000,424,0.424,0.9293657541275024,14.845953226089478
RS,adult,rf,age,15,1000,368,0.368,0.9638112783432007,14.677770376205444
GA-FT,adult,rf,age,15,1000,391,0.391,0.9506099820137024,14.886563062667847
RS,adult,rf,age,16,1000,372,0.372,0.9580135941505432,14.730525970458984
GA-FT,adult,rf,age,16,1000,415,0.415,0.858805775642395,14.761664867401123
RS,adult,rf,age,17,1000,396,0.396,0.9369837641716003,43.20559787750244
GA-FT,adult,rf,age,17,1000,477,0.477,1.0628052949905396,14.64151120185852
RS,adult,rf,age,18,1000,377,0.377,0.98465496301651,22.640486240386963
GA-FT,adult,rf,age,18,1000,477,0.477,1.1213575601577759,84.03444385528564
RS,adult,rf,age,19,1000,376,0.376,0.9533877372741699,14.584163665771484
GA-FT,adult,rf,age,19,1000,396,0.396,0.8833130598068237,14.73779582977295
RS,adult,rf,age,20,1000,366,0.366,1.003474473953247,566.9409091472626
GA-FT,adult,rf,age,20,1000,464,0.464,1.2282248735427856,14.64634108543396
RS,adult,rf,age,21,1000,362,0.362,0.973974883556366,14.509986162185669
GA-FT,adult,rf,age,21,1000,448,0.448,1.080759882926941,573.463671207428
RS,adult,rf,age,22,1000,357,0.357,0.9811909198760986,14.573697090148926
GA-FT,adult,rf,age,22,1000,339,0.339,1.035779356956482,14.694744110107422
RS,adult,rf,age,23,1000,358,0.358,0.9473648071289062,14.643646001815796
GA-FT,adult,rf,age,23,1000,381,0.381,0.995040774345398,527.4733603000641
RS,adult,rf,age,24,1000,365,0.365,0.9379850029945374,12.990267276763916
GA-FT,adult,rf,age,24,1000,338,0.338,0.9114633202552795,13.12759780883789
RS,adult,rf,age,25,1000,360,0.36,0.9851183891296387,12.802512168884277
GA-FT,adult,rf,age,25,1000,443,0.443,0.9808205366134644,12.761006116867065
RS,adult,rf,age,26,1000,359,0.359,0.958397388458252,12.706169128417969
GA-FT,adult,rf,age,26,1000,463,0.463,0.8747445344924927,12.780230045318604
RS,adult,rf,age,27,1000,378,0.378,0.9652560949325562,12.815032005310059
GA-FT,adult,rf,age,27,1000,447,0.447,1.079378604888916,13.278039932250977
RS,adult,rf,age,28,1000,376,0.376,0.9518733620643616,12.915066003799438
GA-FT,adult,rf,age,28,1000,341,0.341,1.1355165243148804,12.830427885055542
RS,adult,rf,age,29,1000,393,0.393,0.9782264828681946,12.910140991210938
GA-FT,adult,rf,age,29,1000,459,0.459,0.9216992855072021,12.762323141098022
RS,adult,gbm,race,0,1000,75,0.075,0.9694467186927795,0.07254505157470703
GA-FT,adult,gbm,race,0,1000,520,0.52,1.2979471683502197,0.10051727294921875
RS,adult,gbm,race,1,1000,59,0.059,1.0516445636749268,0.07275199890136719
GA-FT,adult,gbm,race,1,1000,528,0.528,1.2432360649108887,0.09765887260437012
RS,adult,gbm,race,2,1000,66,0.066,0.9366415739059448,0.07026481628417969
GA-FT,adult,gbm,race,2,1000,496,0.496,1.3081130981445312,0.09760904312133789
RS,adult,gbm,race,3,1000,57,0.057,1.0317341089248657,0.07214498519897461
GA-FT,adult,gbm,race,3,1000,486,0.486,1.3710360527038574,0.10123491287231445
RS,adult,gbm,race,4,1000,62,0.062,0.8849983811378479,0.07509684562683105
GA-FT,adult,gbm,race,4,1000,446,0.446,1.2660709619522095,0.09665417671203613
RS,adult,gbm,race,5,1000,64,0.064,0.977600634098053,0.06960225105285645
GA-FT,adult,gbm,race,5,1000,515,0.515,1.230819821357727,0.09737396240234375
RS,adult,gbm,race,6,1000,62,0.062,0.9740205407142639,0.0715630054473877
GA-FT,adult,gbm,race,6,1000,527,0.527,1.3903559446334839,0.09772419929504395
RS,adult,gbm,race,7,1000,72,0.072,0.9434713125228882,0.07039690017700195
GA-FT,adult,gbm,race,7,1000,499,0.499,1.1737687587738037,0.09889483451843262
RS,adult,gbm,race,8,1000,74,0.074,0.945681095123291,0.07384109497070312
GA-FT,adult,gbm,race,8,1000,498,0.498,1.1731950044631958,0.10044312477111816
RS,adult,gbm,race,9,1000,66,0.066,0.9014208912849426,0.07422637939453125
GA-FT,adult,gbm,race,9,1000,477,0.477,1.3625338077545166,0.10177993774414062
RS,adult,gbm,race,10,1000,67,0.067,1.0380810499191284,0.0736398696899414
GA-FT,adult,gbm,race,10,1000,499,0.499,1.2913588285446167,0.09799408912658691
RS,adult,gbm,race,11,1000,72,0.072,0.9671428203582764,0.07114481925964355
GA-FT,adult,gbm,race,11,1000,490,0.49,1.2459144592285156,0.09845185279846191
RS,adult,gbm,race,12,1000,61,0.061,0.8638300895690918,0.07093405723571777
GA-FT,adult,gbm,race,12,1000,518,0.518,1.2878925800323486,0.0984652042388916
RS,adult,gbm,race,13,1000,80,0.08,0.8245165348052979,0.07211709022521973
GA-FT,adult,gbm,race,13,1000,511,0.511,1.4033827781677246,0.10063505172729492
RS,adult,gbm,race,14,1000,69,0.069,0.972655713558197,0.074188232421875
GA-FT,adult,gbm,race,14,1000,421,0.421,1.3324464559555054,0.10133814811706543
RS,adult,gbm,race,15,1000,55,0.055,0.9676405787467957,0.07309699058532715
GA-FT,adult,gbm,race,15,1000,377,0.377,1.3073432445526123,0.10156130790710449
RS,adult,gbm,race,16,1000,74,0.074,0.9367173314094543,0.07395815849304199
GA-FT,adult,gbm,race,16,1000,224,0.224,1.3754407167434692,0.09310102462768555
RS,adult,gbm,race,17,1000,69,0.069,0.8649517297744751,0.07077288627624512
GA-FT,adult,gbm,race,17,1000,526,0.526,1.1851671934127808,0.0983729362487793
RS,adult,gbm,race,18,1000,62,0.062,1.0350582599639893,0.07197189331054688
GA-FT,adult,gbm,race,18,1000,546,0.546,1.2849571704864502,0.0991818904876709
RS,adult,gbm,race,19,1000,73,0.073,0.9043627381324768,0.06972098350524902
GA-FT,adult,gbm,race,19,1000,444,0.444,1.2094494104385376,0.09716296195983887
RS,adult,gbm,race,20,1000,74,0.074,1.0925343036651611,0.07059979438781738
GA-FT,adult,gbm,race,20,1000,508,0.508,1.1830700635910034,0.09878778457641602
RS,adult,gbm,race,21,1000,72,0.072,0.964501678943634,0.07288098335266113
GA-FT,adult,gbm,race,21,1000,532,0.532,1.2197641134262085,0.10408401489257812
RS,adult,gbm,race,22,1000,60,0.06,0.9558429718017578,0.12158393859863281
GA-FT,adult,gbm,race,22,1000,542,0.542,1.2629419565200806,0.10920286178588867
RS,adult,gbm,race,23,1000,65,0.065,0.8811437487602234,0.0750420093536377
GA-FT,adult,gbm,race,23,1000,439,0.439,1.2961955070495605,0.1022801399230957
RS,adult,gbm,race,24,1000,67,0.067,0.956819474697113,0.07424688339233398
GA-FT,adult,gbm,race,24,1000,495,0.495,1.242439866065979,0.10791993141174316
RS,adult,gbm,race,25,1000,68,0.068,0.9176506400108337,0.07176995277404785
GA-FT,adult,gbm,race,25,1000,459,0.459,1.1744345426559448,0.10004305839538574
RS,adult,gbm,race,26,1000,63,0.063,0.8492804169654846,0.07268977165222168
GA-FT,adult,gbm,race,26,1000,505,0.505,1.4161219596862793,0.09869003295898438
RS,adult,gbm,race,27,1000,73,0.073,0.9985277056694031,0.07468795776367188
GA-FT,adult,gbm,race,27,1000,445,0.445,1.165204405784607,0.10185694694519043
RS,adult,gbm,race,28,1000,78,0.078,0.9034621715545654,0.07399606704711914
GA-FT,adult,gbm,race,28,1000,393,0.393,1.3812717199325562,0.09999990463256836
RS,adult,gbm,race,29,1000,54,0.054,0.9806547164916992,0.075775146484375
GA-FT,adult,gbm,race,29,1000,531,0.531,1.347266674041748,0.09855484962463379
RS,adult,gbm,gender,0,1000,48,0.048,0.9143990874290466,0.06962275505065918
GA-FT,adult,gbm,gender,0,1000,337,0.337,1.0945812463760376,0.09457206726074219
RS,adult,gbm,gender,1,1000,39,0.039,0.9273478388786316,0.06888103485107422
GA-FT,adult,gbm,gender,1,1000,398,0.398,1.6029185056686401,0.09607982635498047
RS,adult,gbm,gender,2,1000,43,0.043,0.8131864666938782,0.06909298896789551
GA-FT,adult,gbm,gender,2,1000,469,0.469,1.3718233108520508,0.09758996963500977
RS,adult,gbm,gender,3,1000,33,0.033,0.9714136123657227,0.07143211364746094
GA-FT,adult,gbm,gender,3,1000,449,0.449,1.3360743522644043,0.10004019737243652
RS,adult,gbm,gender,4,1000,31,0.031,0.7828692197799683,0.07152104377746582
GA-FT,adult,gbm,gender,4,1000,439,0.439,1.2605534791946411,0.09890007972717285
RS,adult,gbm,gender,5,1000,37,0.037,0.8158872723579407,0.06897878646850586
GA-FT,adult,gbm,gender,5,1000,472,0.472,1.2552236318588257,0.09731411933898926
RS,adult,gbm,gender,6,1000,40,0.04,0.9345958232879639,0.07086896896362305
GA-FT,adult,gbm,gender,6,1000,486,0.486,1.053527593612671,0.09755587577819824
RS,adult,gbm,gender,7,1000,44,0.044,0.8255789279937744,0.06954789161682129
GA-FT,adult,gbm,gender,7,1000,513,0.513,1.2749933004379272,0.09865069389343262
RS,adult,gbm,gender,8,1000,50,0.05,0.8583332896232605,0.07223105430603027
GA-FT,adult,gbm,gender,8,1000,450,0.45,1.3829213380813599,0.10153484344482422
RS,adult,gbm,gender,9,1000,46,0.046,0.804172933101654,0.07362627983093262
GA-FT,adult,gbm,gender,9,1000,484,0.484,1.4297064542770386,0.0990610122680664
RS,adult,gbm,gender,10,1000,39,0.039,0.9572710394859314,0.07029104232788086
GA-FT,adult,gbm,gender,10,1000,506,0.506,1.2647861242294312,0.09825491905212402
RS,adult,gbm,gender,11,1000,50,0.05,0.7693410515785217,0.07121610641479492
GA-FT,adult,gbm,gender,11,1000,497,0.497,1.266456127166748,0.09738516807556152
RS,adult,gbm,gender,12,1000,44,0.044,0.8796595335006714,0.07018780708312988
GA-FT,adult,gbm,gender,12,1000,494,0.494,1.3266847133636475,0.09850192070007324
RS,adult,gbm,gender,13,1000,45,0.045,0.7699974179267883,0.07116985321044922
GA-FT,adult,gbm,gender,13,1000,527,0.527,1.3300715684890747,0.09831714630126953
RS,adult,gbm,gender,14,1000,47,0.047,0.8354398608207703,0.07157588005065918
GA-FT,adult,gbm,gender,14,1000,453,0.453,1.136645793914795,0.09904003143310547
RS,adult,gbm,gender,15,1000,39,0.039,0.8630499839782715,0.06965470314025879
GA-FT,adult,gbm,gender,15,1000,460,0.46,1.3000648021697998,0.0989081859588623
RS,adult,gbm,gender,16,1000,56,0.056,0.8304851055145264,0.07039022445678711
GA-FT,adult,gbm,gender,16,1000,517,0.517,1.3978499174118042,0.1000678539276123
RS,adult,gbm,gender,17,1000,47,0.047,0.7711018919944763,0.06994986534118652
GA-FT,adult,gbm,gender,17,1000,487,0.487,1.3129745721817017,0.09636688232421875
RS,adult,gbm,gender,18,1000,34,0.034,0.8897889852523804,0.07056403160095215
GA-FT,adult,gbm,gender,18,1000,409,0.409,1.3328732252120972,0.09992814064025879
RS,adult,gbm,gender,19,1000,43,0.043,0.8048964738845825,0.07132196426391602
GA-FT,adult,gbm,gender,19,1000,482,0.482,1.2636140584945679,0.09627485275268555
RS,adult,gbm,gender,20,1000,34,0.034,0.7429293394088745,0.07170820236206055
GA-FT,adult,gbm,gender,20,1000,529,0.529,1.3451372385025024,0.10091710090637207
RS,adult,gbm,gender,21,1000,45,0.045,0.7339441180229187,0.07152199745178223
GA-FT,adult,gbm,gender,21,1000,457,0.457,1.4753135442733765,0.09668493270874023
RS,adult,gbm,gender,22,1000,32,0.032,0.9397793412208557,0.07134103775024414
GA-FT,adult,gbm,gender,22,1000,436,0.436,1.298575520515442,0.09974908828735352
RS,adult,gbm,gender,23,1000,45,0.045,0.7397660613059998,0.0714418888092041
GA-FT,adult,gbm,gender,23,1000,461,0.461,1.3718938827514648,0.09659314155578613
RS,adult,gbm,gender,24,1000,39,0.039,0.7927207350730896,0.07051920890808105
GA-FT,adult,gbm,gender,24,1000,490,0.49,1.270244836807251,0.09749078750610352
RS,adult,gbm,gender,25,1000,42,0.042,0.836040198802948,0.06954717636108398
GA-FT,adult,gbm,gender,25,1000,462,0.462,1.1964143514633179,0.09730386734008789
RS,adult,gbm,gender,26,1000,51,0.051,0.7917103171348572,0.06974601745605469
GA-FT,adult,gbm,gender,26,1000,469,0.469,1.2988537549972534,0.09754109382629395
RS,adult,gbm,gender,27,1000,48,0.048,0.9584865570068359,0.0696108341217041
GA-FT,adult,gbm,gender,27,1000,572,0.572,1.383481740951538,0.10111308097839355
RS,adult,gbm,gender,28,1000,51,0.051,0.889236569404602,0.07272076606750488
GA-FT,adult,gbm,gender,28,1000,476,0.476,1.0467889308929443,0.09554696083068848
RS,adult,gbm,gender,29,1000,36,0.036,0.8723371028900146,0.06844091415405273
GA-FT,adult,gbm,gender,29,1000,401,0.401,1.2637627124786377,0.09700393676757812
RS,adult,gbm,age,0,1000,242,0.242,0.8829576969146729,0.10003995895385742
GA-FT,adult,gbm,age,0,1000,656,0.656,1.379095196723938,0.12889599800109863
RS,adult,gbm,age,1,1000,243,0.243,0.9136843085289001,0.10152435302734375
GA-FT,adult,gbm,age,1,1000,720,0.72,1.3331071138381958,0.1273329257965088
RS,adult,gbm,age,2,1000,242,0.242,0.9866024851799011,0.09617996215820312
GA-FT,adult,gbm,age,2,1000,721,0.721,1.3751863241195679,0.1262211799621582
RS,adult,gbm,age,3,1000,254,0.254,0.9435234665870667,0.09543871879577637
GA-FT,adult,gbm,age,3,1000,642,0.642,1.4277557134628296,0.1253519058227539
RS,adult,gbm,age,4,1000,236,0.236,0.8928937315940857,0.09807991981506348
GA-FT,adult,gbm,age,4,1000,637,0.637,1.4641720056533813,0.12705707550048828
RS,adult,gbm,age,5,1000,233,0.233,0.90517657995224,0.09908461570739746
GA-FT,adult,gbm,age,5,1000,640,0.64,1.4212219715118408,0.1260206699371338
RS,adult,gbm,age,6,1000,245,0.245,0.9367871284484863,0.09708213806152344
GA-FT,adult,gbm,age,6,1000,686,0.686,1.3746609687805176,0.12857913970947266
RS,adult,gbm,age,7,1000,240,0.24,0.9460784792900085,0.09817218780517578
GA-FT,adult,gbm,age,7,1000,667,0.667,1.3119605779647827,0.12887215614318848
RS,adult,gbm,age,8,1000,238,0.238,0.9854092001914978,0.10200285911560059
GA-FT,adult,gbm,age,8,1000,630,0.63,1.2916733026504517,0.1279439926147461
RS,adult,gbm,age,9,1000,249,0.249,0.9592416286468506,0.09623885154724121
GA-FT,adult,gbm,age,9,1000,688,0.688,1.4378787279129028,0.12729716300964355
RS,adult,gbm,age,10,1000,268,0.268,0.9710713028907776,0.09720802307128906
GA-FT,adult,gbm,age,10,1000,681,0.681,1.3824738264083862,0.12665009498596191
RS,adult,gbm,age,11,1000,245,0.245,0.9891132712364197,0.09866714477539062
GA-FT,adult,gbm,age,11,1000,664,0.664,1.3657076358795166,0.12691688537597656
RS,adult,gbm,age,12,1000,250,0.25,0.9099541902542114,0.0994729995727539
GA-FT,adult,gbm,age,12,1000,671,0.671,1.3876750469207764,0.1284489631652832
RS,adult,gbm,age,13,1000,262,0.262,0.941202700138092,0.09800386428833008
GA-FT,adult,gbm,age,13,1000,693,0.693,1.3788813352584839,0.15135526657104492
RS,adult,gbm,age,14,1000,242,0.242,0.915736198425293,0.09936189651489258
GA-FT,adult,gbm,age,14,1000,691,0.691,1.3793748617172241,0.12855291366577148
RS,adult,gbm,age,15,1000,230,0.23,0.9302829504013062,0.09678792953491211
GA-FT,adult,gbm,age,15,1000,660,0.66,1.3620697259902954,0.12708091735839844
RS,adult,gbm,age,16,1000,255,0.255,0.9311027526855469,0.0988459587097168
GA-FT,adult,gbm,age,16,1000,673,0.673,1.2070119380950928,0.13037514686584473
RS,adult,gbm,age,17,1000,275,0.275,0.920044481754303,0.09900712966918945
GA-FT,adult,gbm,age,17,1000,673,0.673,1.106730580329895,0.1288890838623047
RS,adult,gbm,age,18,1000,248,0.248,0.9850515127182007,0.10022687911987305
GA-FT,adult,gbm,age,18,1000,715,0.715,1.3716202974319458,0.13053607940673828
RS,adult,gbm,age,19,1000,259,0.259,0.9288277626037598,0.09995269775390625
GA-FT,adult,gbm,age,19,1000,606,0.606,1.3027948141098022,0.12660002708435059
RS,adult,gbm,age,20,1000,244,0.244,0.993270218372345,0.09701800346374512
GA-FT,adult,gbm,age,20,1000,635,0.635,1.385241150856018,0.12822699546813965
RS,adult,gbm,age,21,1000,232,0.232,0.9465869069099426,0.0976717472076416
GA-FT,adult,gbm,age,21,1000,697,0.697,1.37191641330719,0.12999796867370605
RS,adult,gbm,age,22,1000,225,0.225,0.9491257667541504,0.09752988815307617
GA-FT,adult,gbm,age,22,1000,653,0.653,1.2401190996170044,0.12845110893249512
RS,adult,gbm,age,23,1000,240,0.24,0.9089909791946411,0.09609389305114746
GA-FT,adult,gbm,age,23,1000,660,0.66,1.4277130365371704,0.12582993507385254
RS,adult,gbm,age,24,1000,237,0.237,0.8750316500663757,0.09713625907897949
GA-FT,adult,gbm,age,24,1000,644,0.644,1.3535666465759277,0.12919211387634277
RS,adult,gbm,age,25,1000,234,0.234,0.9610887169837952,0.09886789321899414
GA-FT,adult,gbm,age,25,1000,669,0.669,1.336557149887085,0.1295616626739502
RS,adult,gbm,age,26,1000,238,0.238,0.9288793206214905,0.09939193725585938
GA-FT,adult,gbm,age,26,1000,671,0.671,1.4751691818237305,0.12811613082885742
RS,adult,gbm,age,27,1000,259,0.259,0.9535872936248779,0.0972449779510498
GA-FT,adult,gbm,age,27,1000,706,0.706,1.357224464416504,0.12967872619628906
RS,adult,gbm,age,28,1000,257,0.257,0.9190922975540161,0.09911894798278809
GA-FT,adult,gbm,age,28,1000,650,0.65,1.3442192077636719,0.12749099731445312
RS,adult,gbm,age,29,1000,249,0.249,0.9658169746398926,0.09652090072631836
GA-FT,adult,gbm,age,29,1000,721,0.721,1.3687652349472046,0.12709498405456543
RS,compas,dnn,sex,0,1000,11,0.011,0.9514487981796265,14.346495151519775
GA-FT,compas,dnn,sex,0,1000,22,0.022,1.1331379413604736,14.597018003463745
RS,compas,dnn,sex,1,1000,14,0.014,0.7815052270889282,14.473526954650879
GA-FT,compas,dnn,sex,1,1000,29,0.029,1.2362958192825317,14.931287050247192
RS,compas,dnn,sex,2,1000,10,0.01,0.5999712347984314,14.726647138595581
GA-FT,compas,dnn,sex,2,1000,31,0.031,1.295164942741394,15.561119794845581
RS,compas,dnn,sex,3,1000,18,0.018,0.9207606911659241,15.54752516746521
GA-FT,compas,dnn,sex,3,1000,27,0.027,1.406872034072876,15.704903841018677
RS,compas,dnn,sex,4,1000,10,0.01,0.7888650894165039,15.567863702774048
GA-FT,compas,dnn,sex,4,1000,11,0.011,1.513342022895813,15.73351502418518
RS,compas,dnn,sex,5,1000,18,0.018,0.911706268787384,15.60683798789978
GA-FT,compas,dnn,sex,5,1000,16,0.016,1.1276061534881592,15.773543357849121
RS,compas,dnn,sex,6,1000,24,0.024,0.8388058543205261,15.549959897994995
GA-FT,compas,dnn,sex,6,1000,20,0.02,1.2976033687591553,15.74757194519043
RS,compas,dnn,sex,7,1000,14,0.014,0.8663952350616455,15.645569086074829
GA-FT,compas,dnn,sex,7,1000,13,0.013,1.3196659088134766,15.748669862747192
RS,compas,dnn,sex,8,1000,15,0.015,0.7204328775405884,15.674875020980835
GA-FT,compas,dnn,sex,8,1000,12,0.012,1.6132795810699463,15.814582109451294
RS,compas,dnn,sex,9,1000,17,0.017,0.8290384411811829,15.729888916015625
GA-FT,compas,dnn,sex,9,1000,40,0.04,1.3390109539031982,15.775601148605347
RS,compas,dnn,sex,10,1000,18,0.018,0.8303463459014893,15.616636991500854
GA-FT,compas,dnn,sex,10,1000,37,0.037,1.1608915328979492,15.836664199829102
RS,compas,dnn,sex,11,1000,18,0.018,0.6383762359619141,15.745057106018066
GA-FT,compas,dnn,sex,11,1000,16,0.016,1.393219232559204,15.852730989456177
RS,compas,dnn,sex,12,1000,15,0.015,0.6754677891731262,15.862491130828857
GA-FT,compas,dnn,sex,12,1000,10,0.01,1.2159457206726074,15.2289719581604
RS,compas,dnn,sex,13,1000,18,0.018,0.7748681902885437,14.808717966079712
GA-FT,compas,dnn,sex,13,1000,25,0.025,1.3238873481750488,14.734666109085083
RS,compas,dnn,sex,14,1000,15,0.015,0.870550274848938,14.735277652740479
GA-FT,compas,dnn,sex,14,1000,42,0.042,1.2542515993118286,14.811895847320557
RS,compas,dnn,sex,15,1000,11,0.011,0.8987055420875549,14.757075071334839
GA-FT,compas,dnn,sex,15,1000,20,0.02,1.2981854677200317,16.15464210510254
RS,compas,dnn,sex,16,1000,7,0.007,0.6638208627700806,16.076184034347534
GA-FT,compas,dnn,sex,16,1000,9,0.009,1.4931612014770508,16.000219106674194
RS,compas,dnn,sex,17,1000,16,0.016,0.8506327271461487,15.960458040237427
GA-FT,compas,dnn,sex,17,1000,27,0.027,1.1211190223693848,15.820801973342896
RS,compas,dnn,sex,18,1000,14,0.014,0.49346327781677246,15.831290245056152
GA-FT,compas,dnn,sex,18,1000,12,0.012,1.3408464193344116,15.9047269821167
RS,compas,dnn,sex,19,1000,13,0.013,0.8466735482215881,15.901833057403564
GA-FT,compas,dnn,sex,19,1000,29,0.029,1.4174631834030151,15.896358728408813
RS,compas,dnn,sex,20,1000,14,0.014,0.965203583240509,15.919872999191284
GA-FT,compas,dnn,sex,20,1000,22,0.022,1.2349438667297363,15.909813165664673
RS,compas,dnn,sex,21,1000,13,0.013,0.8150069713592529,15.92755675315857
GA-FT,compas,dnn,sex,21,1000,21,0.021,1.316251277923584,15.849474906921387
RS,compas,dnn,sex,22,1000,14,0.014,0.8748220205307007,15.933445930480957
GA-FT,compas,dnn,sex,22,1000,19,0.019,1.5420417785644531,15.907348155975342
RS,compas,dnn,sex,23,1000,14,0.014,0.981997549533844,16.205355167388916
GA-FT,compas,dnn,sex,23,1000,11,0.011,1.5810554027557373,16.360697984695435
RS,compas,dnn,sex,24,1000,18,0.018,0.9360139966011047,15.62201189994812
GA-FT,compas,dnn,sex,24,1000,30,0.03,1.0071954727172852,14.805323600769043
RS,compas,dnn,sex,25,1000,17,0.017,0.8256700038909912,16.293166875839233
GA-FT,compas,dnn,sex,25,1000,29,0.029,1.3067359924316406,16.79696297645569
RS,compas,dnn,sex,26,1000,21,0.021,0.8159040212631226,16.300827741622925
GA-FT,compas,dnn,sex,26,1000,12,0.012,1.2855602502822876,16.397050857543945
RS,compas,dnn,sex,27,1000,11,0.011,0.9539174437522888,15.873469829559326
GA-FT,compas,dnn,sex,27,1000,21,0.021,0.9891621470451355,15.915144920349121
RS,compas,dnn,sex,28,1000,17,0.017,0.7582838535308838,15.823821783065796
GA-FT,compas,dnn,sex,28,1000,6,0.006,1.0339438915252686,15.925238847732544
RS,compas,dnn,sex,29,1000,18,0.018,0.9461053609848022,15.743832111358643
GA-FT,compas,dnn,sex,29,1000,23,0.023,1.210121750831604,15.793657779693604
RS,compas,dnn,race,0,1000,12,0.012,0.6819667220115662,15.755460977554321
GA-FT,compas,dnn,race,0,1000,65,0.065,1.0102055072784424,15.889642000198364
RS,compas,dnn,race,1,1000,13,0.013,0.9110898971557617,15.895042181015015
GA-FT,compas,dnn,race,1,1000,127,0.127,1.2956688404083252,15.8350830078125
RS,compas,dnn,race,2,1000,13,0.013,0.7809118032455444,15.798343896865845
GA-FT,compas,dnn,race,2,1000,66,0.066,0.778394341468811,16.005831956863403
RS,compas,dnn,race,3,1000,14,0.014,0.6026210784912109,15.698432922363281
GA-FT,compas,dnn,race,3,1000,64,0.064,1.0351207256317139,15.814160108566284
RS,compas,dnn,race,4,1000,13,0.013,0.6712514162063599,15.790839672088623
GA-FT,compas,dnn,race,4,1000,118,0.118,1.1405837535858154,15.88090205192566
RS,compas,dnn,race,5,1000,12,0.012,0.9384166598320007,15.816193103790283
GA-FT,compas,dnn,race,5,1000,117,0.117,0.9941982626914978,15.864619016647339
RS,compas,dnn,race,6,1000,12,0.012,0.7883569598197937,15.90741515159607
GA-FT,compas,dnn,race,6,1000,111,0.111,1.0635567903518677,15.862154006958008
RS,compas,dnn,race,7,1000,10,0.01,0.9406067132949829,15.750419855117798
GA-FT,compas,dnn,race,7,1000,97,0.097,0.9473397731781006,15.838871955871582
RS,compas,dnn,race,8,1000,17,0.017,0.7906663417816162,15.858644962310791
GA-FT,compas,dnn,race,8,1000,72,0.072,1.0741771459579468,15.85357117652893
RS,compas,dnn,race,9,1000,14,0.014,0.8246713876724243,15.836196899414062
GA-FT,compas,dnn,race,9,1000,88,0.088,1.2171247005462646,15.880156755447388
RS,compas,dnn,race,10,1000,16,0.016,0.8135913610458374,15.847501993179321
GA-FT,compas,dnn,race,10,1000,77,0.077,1.1298348903656006,15.96150803565979
RS,compas,dnn,race,11,1000,12,0.012,0.8710818886756897,15.699028968811035
GA-FT,compas,dnn,race,11,1000,69,0.069,1.100045919418335,15.900278091430664
RS,compas,dnn,race,12,1000,12,0.012,0.8137973546981812,15.821978092193604
GA-FT,compas,dnn,race,12,1000,114,0.114,1.1857013702392578,16.11404800415039
RS,compas,dnn,race,13,1000,10,0.01,0.9486863613128662,15.845201015472412
GA-FT,compas,dnn,race,13,1000,122,0.122,1.0358238220214844,15.909290790557861
RS,compas,dnn,race,14,1000,10,0.01,0.780403733253479,15.848203182220459
GA-FT,compas,dnn,race,14,1000,115,0.115,0.983672022819519,15.914961099624634
RS,compas,dnn,race,15,1000,9,0.009,0.8420425653457642,15.717911005020142
GA-FT,compas,dnn,race,15,1000,78,0.078,0.95624840259552,15.91427206993103
RS,compas,dnn,race,16,1000,13,0.013,0.9210009574890137,15.7984619140625
GA-FT,compas,dnn,race,16,1000,62,0.062,0.9882362484931946,15.931411027908325
RS,compas,dnn,race,17,1000,12,0.012,0.9247756004333496,15.810987949371338
GA-FT,compas,dnn,race,17,1000,143,0.143,0.9768736362457275,15.975999116897583
RS,compas,dnn,race,18,1000,17,0.017,0.8388943076133728,15.738262176513672
GA-FT,compas,dnn,race,18,1000,96,0.096,1.155038833618164,14.564580202102661
RS,compas,dnn,race,19,1000,9,0.009,0.9631235599517822,14.612583875656128
GA-FT,compas,dnn,race,19,1000,113,0.113,1.0921591520309448,14.690930843353271
RS,compas,dnn,race,20,1000,15,0.015,0.8718851208686829,14.680216789245605
GA-FT,compas,dnn,race,20,1000,158,0.158,1.03931725025177,14.7432279586792
RS,compas,dnn,race,21,1000,11,0.011,0.5917613506317139,14.635547876358032
GA-FT,compas,dnn,race,21,1000,91,0.091,1.0980784893035889,14.7273850440979
RS,compas,dnn,race,22,1000,12,0.012,0.8513689637184143,14.65570592880249
GA-FT,compas,dnn,race,22,1000,116,0.116,1.1083587408065796,14.602177858352661
RS,compas,dnn,race,23,1000,12,0.012,0.6877014636993408,14.60013723373413
GA-FT,compas,dnn,race,23,1000,48,0.048,1.1015747785568237,14.687555074691772
RS,compas,dnn,race,24,1000,19,0.019,0.8377259969711304,14.598057985305786
GA-FT,compas,dnn,race,24,1000,59,0.059,0.9855307936668396,14.706119060516357
RS,compas,dnn,race,25,1000,7,0.007,0.8103930950164795,14.66993522644043
GA-FT,compas,dnn,race,25,1000,92,0.092,1.1258385181427002,14.693649768829346
RS,compas,dnn,race,26,1000,14,0.014,0.9802980422973633,14.612181186676025
GA-FT,compas,dnn,race,26,1000,82,0.082,1.0717405080795288,14.639278888702393
RS,compas,dnn,race,27,1000,11,0.011,0.7883515357971191,14.59634780883789
GA-FT,compas,dnn,race,27,1000,120,0.12,1.2428797483444214,14.684889078140259
RS,compas,dnn,race,28,1000,14,0.014,0.7508365511894226,14.591686964035034
GA-FT,compas,dnn,race,28,1000,28,0.028,1.1534552574157715,14.726468086242676
RS,compas,dnn,race,29,1000,14,0.014,0.9559371471405029,14.645340919494629
GA-FT,compas,dnn,race,29,1000,48,0.048,0.9991559982299805,14.720839977264404
RS,compas,lr,sex,0,1000,86,0.086,0.7661446928977966,0.06350207328796387
GA-FT,compas,lr,sex,0,1000,106,0.106,1.4778605699539185,0.08708906173706055
RS,compas,lr,sex,1,1000,73,0.073,0.7670766115188599,0.0636599063873291
GA-FT,compas,lr,sex,1,1000,72,0.072,1.6313279867172241,0.08584904670715332
RS,compas,lr,sex,2,1000,94,0.094,0.7394389510154724,0.06384897232055664
GA-FT,compas,lr,sex,2,1000,108,0.108,1.3576046228408813,0.08829808235168457
RS,compas,lr,sex,3,1000,111,0.111,0.8190171122550964,0.06592893600463867
GA-FT,compas,lr,sex,3,1000,92,0.092,1.5364807844161987,0.08873200416564941
RS,compas,lr,sex,4,1000,89,0.089,0.774836003780365,0.06563115119934082
GA-FT,compas,lr,sex,4,1000,97,0.097,1.31340754032135,0.08846521377563477
RS,compas,lr,sex,5,1000,74,0.074,0.8257676362991333,0.0658879280090332
GA-FT,compas,lr,sex,5,1000,75,0.075,1.5433120727539062,0.08823299407958984
RS,compas,lr,sex,6,1000,82,0.082,0.8130719661712646,0.06514596939086914
GA-FT,compas,lr,sex,6,1000,111,0.111,1.3124233484268188,0.0885629653930664
RS,compas,lr,sex,7,1000,84,0.084,0.779762327671051,0.06555509567260742
GA-FT,compas,lr,sex,7,1000,119,0.119,1.4023882150650024,0.08658123016357422
RS,compas,lr,sex,8,1000,85,0.085,0.7921876907348633,0.06297111511230469
GA-FT,compas,lr,sex,8,1000,103,0.103,1.5403203964233398,0.08623003959655762
RS,compas,lr,sex,9,1000,107,0.107,0.7652549147605896,0.06395816802978516
GA-FT,compas,lr,sex,9,1000,62,0.062,1.5515116453170776,0.0859689712524414
RS,compas,lr,sex,10,1000,81,0.081,0.7941663265228271,0.06360697746276855
GA-FT,compas,lr,sex,10,1000,120,0.12,1.4123142957687378,0.08636808395385742
RS,compas,lr,sex,11,1000,102,0.102,0.8074226975440979,0.06355500221252441
GA-FT,compas,lr,sex,11,1000,72,0.072,1.6636449098587036,0.08638215065002441
RS,compas,lr,sex,12,1000,80,0.08,0.7374906539916992,0.0656440258026123
GA-FT,compas,lr,sex,12,1000,66,0.066,1.5680938959121704,0.08832192420959473
RS,compas,lr,sex,13,1000,88,0.088,0.7658496499061584,0.06570219993591309
GA-FT,compas,lr,sex,13,1000,95,0.095,1.3945273160934448,0.08850598335266113
RS,compas,lr,sex,14,1000,87,0.087,0.7243479490280151,0.06439089775085449
GA-FT,compas,lr,sex,14,1000,82,0.082,1.527162790298462,0.0859670639038086
RS,compas,lr,sex,15,1000,84,0.084,0.7840567827224731,0.06312823295593262
GA-FT,compas,lr,sex,15,1000,85,0.085,1.600915789604187,0.08634614944458008
RS,compas,lr,sex,16,1000,86,0.086,0.8503598570823669,0.06466078758239746
GA-FT,compas,lr,sex,16,1000,79,0.079,1.5019208192825317,0.08828616142272949
RS,compas,lr,sex,17,1000,88,0.088,0.7710232138633728,0.06543493270874023
GA-FT,compas,lr,sex,17,1000,69,0.069,1.5991628170013428,0.08822131156921387
RS,compas,lr,sex,18,1000,85,0.085,0.7953345775604248,0.06560206413269043
GA-FT,compas,lr,sex,18,1000,76,0.076,1.4750430583953857,0.08799171447753906
RS,compas,lr,sex,19,1000,73,0.073,0.6927703619003296,0.06366968154907227
GA-FT,compas,lr,sex,19,1000,81,0.081,1.6649430990219116,0.08684587478637695
RS,compas,lr,sex,20,1000,90,0.09,0.8074102997779846,0.06358575820922852
GA-FT,compas,lr,sex,20,1000,102,0.102,1.4124959707260132,0.08636593818664551
RS,compas,lr,sex,21,1000,100,0.1,0.7665949463844299,0.06493902206420898
GA-FT,compas,lr,sex,21,1000,79,0.079,1.4807525873184204,0.08867502212524414
RS,compas,lr,sex,22,1000,100,0.1,0.691935122013092,0.06563186645507812
GA-FT,compas,lr,sex,22,1000,83,0.083,1.5406382083892822,0.0885159969329834
RS,compas,lr,sex,23,1000,71,0.071,0.7865245938301086,0.06335806846618652
GA-FT,compas,lr,sex,23,1000,89,0.089,1.4851995706558228,0.08627104759216309
RS,compas,lr,sex,24,1000,100,0.1,0.8193027377128601,0.06301212310791016
GA-FT,compas,lr,sex,24,1000,69,0.069,1.567642092704773,0.08562612533569336
RS,compas,lr,sex,25,1000,87,0.087,0.8361726999282837,0.06330490112304688
GA-FT,compas,lr,sex,25,1000,79,0.079,1.536406397819519,0.08668088912963867
RS,compas,lr,sex,26,1000,93,0.093,0.8281548023223877,0.06508398056030273
GA-FT,compas,lr,sex,26,1000,72,0.072,1.6122428178787231,0.0889589786529541
RS,compas,lr,sex,27,1000,93,0.093,0.831468403339386,0.06671524047851562
GA-FT,compas,lr,sex,27,1000,67,0.067,1.6561120748519897,0.09022331237792969
RS,compas,lr,sex,28,1000,86,0.086,0.7706313729286194,0.06382918357849121
GA-FT,compas,lr,sex,28,1000,93,0.093,1.5160099267959595,0.0863637924194336
RS,compas,lr,sex,29,1000,88,0.088,0.8402351140975952,0.06435203552246094
GA-FT,compas,lr,sex,29,1000,84,0.084,1.451809048652649,0.08634328842163086
RS,compas,lr,race,0,1000,38,0.038,0.8116342425346375,0.06564593315124512
GA-FT,compas,lr,race,0,1000,23,0.023,1.5713845491409302,0.0885157585144043
RS,compas,lr,race,1,1000,36,0.036,0.8881850242614746,0.06573104858398438
GA-FT,compas,lr,race,1,1000,34,0.034,1.550188660621643,0.08818221092224121
RS,compas,lr,race,2,1000,38,0.038,0.66392982006073,0.06596517562866211
GA-FT,compas,lr,race,2,1000,38,0.038,1.3219950199127197,0.08681297302246094
RS,compas,lr,race,3,1000,44,0.044,0.811091959476471,0.06299924850463867
GA-FT,compas,lr,race,3,1000,32,0.032,1.4110487699508667,0.08554196357727051
RS,compas,lr,race,4,1000,42,0.042,0.7913469672203064,0.06349492073059082
GA-FT,compas,lr,race,4,1000,38,0.038,1.2556366920471191,0.08622527122497559
RS,compas,lr,race,5,1000,31,0.031,0.7543730735778809,0.0652151107788086
GA-FT,compas,lr,race,5,1000,32,0.032,1.3987830877304077,0.08798384666442871
RS,compas,lr,race,6,1000,26,0.026,0.8748510479927063,0.06469082832336426
GA-FT,compas,lr,race,6,1000,33,0.033,1.3514485359191895,0.08741569519042969
RS,compas,lr,race,7,1000,37,0.037,0.7356401085853577,0.06407284736633301
GA-FT,compas,lr,race,7,1000,43,0.043,1.4536375999450684,0.08559107780456543
RS,compas,lr,race,8,1000,47,0.047,0.6202830672264099,0.06302905082702637
GA-FT,compas,lr,race,8,1000,30,0.03,1.2850271463394165,0.08579301834106445
RS,compas,lr,race,9,1000,49,0.049,0.7018048763275146,0.06354475021362305
GA-FT,compas,lr,race,9,1000,29,0.029,1.45099675655365,0.08740615844726562
RS,compas,lr,race,10,1000,28,0.028,0.8485417366027832,0.06544113159179688
GA-FT,compas,lr,race,10,1000,44,0.044,1.2677589654922485,0.08755612373352051
RS,compas,lr,race,11,1000,38,0.038,0.7613169550895691,0.06548810005187988
GA-FT,compas,lr,race,11,1000,28,0.028,1.5837268829345703,0.0873720645904541
RS,compas,lr,race,12,1000,35,0.035,0.6189352869987488,0.06367015838623047
GA-FT,compas,lr,race,12,1000,42,0.042,1.3504353761672974,0.0855247974395752
RS,compas,lr,race,13,1000,41,0.041,0.7126113772392273,0.06355571746826172
GA-FT,compas,lr,race,13,1000,39,0.039,1.4269225597381592,0.0877981185913086
RS,compas,lr,race,14,1000,40,0.04,0.6021853089332581,0.06578731536865234
GA-FT,compas,lr,race,14,1000,39,0.039,1.5763276815414429,0.0883781909942627
RS,compas,lr,race,15,1000,36,0.036,0.7247677445411682,0.06470799446105957
GA-FT,compas,lr,race,15,1000,37,0.037,1.3644719123840332,0.08806490898132324
RS,compas,lr,race,16,1000,37,0.037,0.7398388981819153,0.06386399269104004
GA-FT,compas,lr,race,16,1000,30,0.03,1.517756700515747,0.08587217330932617
RS,compas,lr,race,17,1000,35,0.035,0.588679850101471,0.06399106979370117
GA-FT,compas,lr,race,17,1000,35,0.035,1.2885223627090454,0.0859520435333252
RS,compas,lr,race,18,1000,30,0.03,0.7846818566322327,0.0649418830871582
GA-FT,compas,lr,race,18,1000,28,0.028,1.3438223600387573,0.08818721771240234
RS,compas,lr,race,19,1000,40,0.04,0.6948935389518738,0.06585407257080078
GA-FT,compas,lr,race,19,1000,33,0.033,1.5734477043151855,0.08685517311096191
RS,compas,lr,race,20,1000,44,0.044,0.6878894567489624,0.06303191184997559
GA-FT,compas,lr,race,20,1000,26,0.026,1.6580414772033691,0.08521008491516113
RS,compas,lr,race,21,1000,45,0.045,0.6620534062385559,0.06346917152404785
GA-FT,compas,lr,race,21,1000,36,0.036,1.3804240226745605,0.0855400562286377
RS,compas,lr,race,22,1000,47,0.047,0.788086473941803,0.06363296508789062
GA-FT,compas,lr,race,22,1000,32,0.032,1.3787386417388916,0.08612489700317383
RS,compas,lr,race,23,1000,31,0.031,0.7339553833007812,0.06418108940124512
GA-FT,compas,lr,race,23,1000,16,0.016,1.5849168300628662,0.08561086654663086
RS,compas,lr,race,24,1000,48,0.048,0.7157454490661621,0.06322479248046875
GA-FT,compas,lr,race,24,1000,31,0.031,1.44153892993927,0.08736085891723633
RS,compas,lr,race,25,1000,38,0.038,0.7764384746551514,0.06535911560058594
GA-FT,compas,lr,race,25,1000,38,0.038,1.1167384386062622,0.08748507499694824
RS,compas,lr,race,26,1000,43,0.043,0.8085997104644775,0.06509709358215332
GA-FT,compas,lr,race,26,1000,37,0.037,1.6520875692367554,0.08826708793640137
RS,compas,lr,race,27,1000,38,0.038,0.658208429813385,0.06548404693603516
GA-FT,compas,lr,race,27,1000,38,0.038,1.4030344486236572,0.08811807632446289
RS,compas,lr,race,28,1000,37,0.037,0.6287086009979248,0.06571507453918457
GA-FT,compas,lr,race,28,1000,30,0.03,1.5194265842437744,0.08817315101623535
RS,compas,lr,race,29,1000,34,0.034,0.824501633644104,0.06546401977539062
GA-FT,compas,lr,race,29,1000,46,0.046,1.506280779838562,0.08637619018554688
RS,compas,rf,sex,0,1000,178,0.178,1.0100270509719849,14.56342101097107
GA-FT,compas,rf,sex,0,1000,171,0.171,1.2422475814819336,14.621743202209473
RS,compas,rf,sex,1,1000,194,0.194,1.0110081434249878,14.51476788520813
GA-FT,compas,rf,sex,1,1000,175,0.175,1.297550082206726,14.523552894592285
RS,compas,rf,sex,2,1000,184,0.184,0.9820147752761841,14.435419082641602
GA-FT,compas,rf,sex,2,1000,227,0.227,1.0367134809494019,14.588459014892578
RS,compas,rf,sex,3,1000,191,0.191,1.018272042274475,14.513861894607544
GA-FT,compas,rf,sex,3,1000,158,0.158,1.4017457962036133,14.50166392326355
RS,compas,rf,sex,4,1000,188,0.188,1.0033477544784546,14.578003168106079
GA-FT,compas,rf,sex,4,1000,163,0.163,1.2294503450393677,14.462143182754517
RS,compas,rf,sex,5,1000,187,0.187,1.0041682720184326,14.557923078536987
GA-FT,compas,rf,sex,5,1000,146,0.146,1.2151403427124023,14.473314046859741
RS,compas,rf,sex,6,1000,192,0.192,0.9968345761299133,14.48201322555542
GA-FT,compas,rf,sex,6,1000,171,0.171,1.247585415840149,14.500504970550537
RS,compas,rf,sex,7,1000,179,0.179,1.0363378524780273,16.54341197013855
GA-FT,compas,rf,sex,7,1000,154,0.154,1.1848188638687134,22.98838186264038
RS,compas,rf,sex,8,1000,183,0.183,1.005966305732727,14.57000994682312
GA-FT,compas,rf,sex,8,1000,145,0.145,1.240366816520691,14.317462921142578
RS,compas,rf,sex,9,1000,182,0.182,0.9597457647323608,14.546215295791626
GA-FT,compas,rf,sex,9,1000,141,0.141,1.072708249092102,14.452548027038574
RS,compas,rf,sex,10,1000,185,0.185,0.9885404706001282,14.582175016403198
GA-FT,compas,rf,sex,10,1000,151,0.151,1.0189149379730225,14.529710292816162
RS,compas,rf,sex,11,1000,169,0.169,1.0059399604797363,14.478885889053345
GA-FT,compas,rf,sex,11,1000,154,0.154,1.2322007417678833,14.52352523803711
RS,compas,rf,sex,12,1000,196,0.196,0.9599381685256958,14.600589036941528
GA-FT,compas,rf,sex,12,1000,133,0.133,1.0825304985046387,14.509321212768555
RS,compas,rf,sex,13,1000,185,0.185,1.0176711082458496,14.46717381477356
GA-FT,compas,rf,sex,13,1000,164,0.164,0.9585211277008057,14.499073028564453
RS,compas,rf,sex,14,1000,167,0.167,0.9657707214355469,14.499880075454712
GA-FT,compas,rf,sex,14,1000,167,0.167,1.3087037801742554,14.518242120742798
RS,compas,rf,sex,15,1000,184,0.184,1.0116819143295288,14.480370044708252
GA-FT,compas,rf,sex,15,1000,192,0.192,1.1345630884170532,14.415577173233032
RS,compas,rf,sex,16,1000,186,0.186,0.9609857201576233,14.550023317337036
GA-FT,compas,rf,sex,16,1000,136,0.136,1.1663503646850586,14.509277105331421
RS,compas,rf,sex,17,1000,169,0.169,1.0214391946792603,14.614508152008057
GA-FT,compas,rf,sex,17,1000,226,0.226,1.02851402759552,14.530179023742676
RS,compas,rf,sex,18,1000,179,0.179,0.9815887212753296,14.539310693740845
GA-FT,compas,rf,sex,18,1000,175,0.175,1.291318655014038,14.599874019622803
RS,compas,rf,sex,19,1000,182,0.182,0.9366632103919983,14.480928897857666
GA-FT,compas,rf,sex,19,1000,216,0.216,1.127102255821228,14.58487606048584
RS,compas,rf,sex,20,1000,181,0.181,0.997623860836029,14.503142833709717
GA-FT,compas,rf,sex,20,1000,151,0.151,1.1624072790145874,14.362020015716553
RS,compas,rf,sex,21,1000,183,0.183,0.9859651327133179,14.539056777954102
GA-FT,compas,rf,sex,21,1000,155,0.155,1.2825261354446411,14.523249864578247
RS,compas,rf,sex,22,1000,187,0.187,1.000783085823059,14.538926124572754
GA-FT,compas,rf,sex,22,1000,154,0.154,1.17525315284729,14.520325183868408
RS,compas,rf,sex,23,1000,194,0.194,1.0200469493865967,14.48155689239502
GA-FT,compas,rf,sex,23,1000,160,0.16,1.1885688304901123,14.550318002700806
RS,compas,rf,sex,24,1000,186,0.186,1.0288649797439575,14.51098108291626
GA-FT,compas,rf,sex,24,1000,121,0.121,1.1996302604675293,14.48156189918518
RS,compas,rf,sex,25,1000,177,0.177,0.9749059677124023,14.487669944763184
GA-FT,compas,rf,sex,25,1000,137,0.137,1.0683671236038208,14.484686851501465
RS,compas,rf,sex,26,1000,186,0.186,1.0255416631698608,14.484141826629639
GA-FT,compas,rf,sex,26,1000,128,0.128,1.2972333431243896,14.496712923049927
RS,compas,rf,sex,27,1000,210,0.21,1.0216529369354248,14.500688791275024
GA-FT,compas,rf,sex,27,1000,184,0.184,1.1530624628067017,14.51117992401123
RS,compas,rf,sex,28,1000,186,0.186,0.9947101473808289,14.54187798500061
GA-FT,compas,rf,sex,28,1000,113,0.113,1.2172085046768188,14.49177861213684
RS,compas,rf,sex,29,1000,183,0.183,0.9881090521812439,14.516649961471558
GA-FT,compas,rf,sex,29,1000,202,0.202,1.043387770652771,14.45296311378479
RS,compas,rf,race,0,1000,273,0.273,0.9684662222862244,14.535976886749268
GA-FT,compas,rf,race,0,1000,169,0.169,1.1353710889816284,14.493665218353271
RS,compas,rf,race,1,1000,268,0.268,0.9749337434768677,14.52977991104126
GA-FT,compas,rf,race,1,1000,234,0.234,1.0408601760864258,14.549493074417114
RS,compas,rf,race,2,1000,254,0.254,0.9400204420089722,14.527728796005249
GA-FT,compas,rf,race,2,1000,221,0.221,0.9816120266914368,14.562043905258179
RS,compas,rf,race,3,1000,269,0.269,0.9793747663497925,14.579614877700806
GA-FT,compas,rf,race,3,1000,204,0.204,1.229383945465088,14.489089965820312
RS,compas,rf,race,4,1000,266,0.266,0.9881000518798828,14.450325012207031
GA-FT,compas,rf,race,4,1000,199,0.199,1.0664561986923218,14.466194868087769
RS,compas,rf,race,5,1000,248,0.248,0.9629698991775513,14.561686754226685
GA-FT,compas,rf,race,5,1000,150,0.15,1.1456726789474487,14.524770021438599
RS,compas,rf,race,6,1000,241,0.241,0.966002881526947,14.527546167373657
GA-FT,compas,rf,race,6,1000,252,0.252,1.0374501943588257,14.520087957382202
RS,compas,rf,race,7,1000,283,0.283,0.9905994534492493,24.842609882354736
GA-FT,compas,rf,race,7,1000,138,0.138,1.299811601638794,14.802576065063477
RS,compas,rf,race,8,1000,272,0.272,0.9475979804992676,14.495265007019043
GA-FT,compas,rf,race,8,1000,197,0.197,0.9828290939331055,14.529076337814331
RS,compas,rf,race,9,1000,274,0.274,0.9102198481559753,14.587000846862793
GA-FT,compas,rf,race,9,1000,220,0.22,1.0735586881637573,14.53976035118103
RS,compas,rf,race,10,1000,277,0.277,0.9446409344673157,14.493719100952148
GA-FT,compas,rf,race,10,1000,179,0.179,1.099770426750183,14.565829038619995
RS,compas,rf,race,11,1000,255,0.255,0.93181973695755,14.523139238357544
GA-FT,compas,rf,race,11,1000,157,0.157,1.203660488128662,14.545942068099976
RS,compas,rf,race,12,1000,271,0.271,0.9256367683410645,14.580085039138794
GA-FT,compas,rf,race,12,1000,175,0.175,0.9959292411804199,14.44627594947815
RS,compas,rf,race,13,1000,262,0.262,0.9714413285255432,14.45049500465393
GA-FT,compas,rf,race,13,1000,187,0.187,0.8867992758750916,14.495569229125977
RS,compas,rf,race,14,1000,254,0.254,0.9293126463890076,14.555102109909058
GA-FT,compas,rf,race,14,1000,172,0.172,1.2506392002105713,14.600506067276001
RS,compas,rf,race,15,1000,260,0.26,0.957220733165741,14.449700832366943
GA-FT,compas,rf,race,15,1000,175,0.175,1.0453431606292725,14.526983976364136
RS,compas,rf,race,16,1000,278,0.278,0.9175915718078613,14.515730142593384
GA-FT,compas,rf,race,16,1000,159,0.159,1.094040870666504,14.46284818649292
RS,compas,rf,race,17,1000,264,0.264,0.9454202055931091,14.562112092971802
GA-FT,compas,rf,race,17,1000,167,0.167,1.038307785987854,14.48843789100647
RS,compas,rf,race,18,1000,260,0.26,0.908721923828125,14.432137966156006
GA-FT,compas,rf,race,18,1000,172,0.172,1.0071111917495728,24.047568798065186
RS,compas,rf,race,19,1000,252,0.252,0.9003229737281799,15.499521732330322
GA-FT,compas,rf,race,19,1000,202,0.202,1.0485180616378784,14.647767066955566
RS,compas,rf,race,20,1000,261,0.261,0.9469502568244934,14.50757122039795
GA-FT,compas,rf,race,20,1000,143,0.143,1.1659984588623047,14.444958209991455
RS,compas,rf,race,21,1000,276,0.276,0.9037269353866577,14.536502122879028
GA-FT,compas,rf,race,21,1000,166,0.166,1.3464810848236084,14.512115001678467
RS,compas,rf,race,22,1000,270,0.27,0.9448875188827515,14.509159088134766
GA-FT,compas,rf,race,22,1000,185,0.185,1.1389763355255127,14.502816200256348
RS,compas,rf,race,23,1000,261,0.261,0.9617345929145813,14.582352876663208
GA-FT,compas,rf,race,23,1000,187,0.187,1.010728359222412,14.588584184646606
RS,compas,rf,race,24,1000,262,0.262,0.9732664227485657,14.445189714431763
GA-FT,compas,rf,race,24,1000,210,0.21,1.0694221258163452,14.433927297592163
RS,compas,rf,race,25,1000,275,0.275,0.9480703473091125,14.506631851196289
GA-FT,compas,rf,race,25,1000,177,0.177,1.0224106311798096,14.454405784606934
RS,compas,rf,race,26,1000,278,0.278,0.957099199295044,14.474017858505249
GA-FT,compas,rf,race,26,1000,174,0.174,1.3228724002838135,14.639028072357178
RS,compas,rf,race,27,1000,283,0.283,0.9520547986030579,14.503926992416382
GA-FT,compas,rf,race,27,1000,131,0.131,0.9708377718925476,14.523176908493042
RS,compas,rf,race,28,1000,258,0.258,0.9714083075523376,14.57791519165039
GA-FT,compas,rf,race,28,1000,234,0.234,1.0557571649551392,14.504749059677124
RS,compas,rf,race,29,1000,264,0.264,0.9513577818870544,14.521432876586914
GA-FT,compas,rf,race,29,1000,108,0.108,1.1488450765609741,14.55824589729309
RS,compas,gbm,sex,0,1000,90,0.09,0.8911411762237549,0.07414722442626953
GA-FT,compas,gbm,sex,0,1000,481,0.481,1.4037691354751587,0.09774899482727051
RS,compas,gbm,sex,1,1000,83,0.083,0.8819535970687866,0.0704340934753418
GA-FT,compas,gbm,sex,1,1000,508,0.508,1.2817273139953613,0.0991661548614502
RS,compas,gbm,sex,2,1000,94,0.094,0.8781430125236511,0.07210922241210938
GA-FT,compas,gbm,sex,2,1000,482,0.482,1.3194701671600342,0.10090422630310059
RS,compas,gbm,sex,3,1000,108,0.108,0.9152846336364746,0.07239413261413574
GA-FT,compas,gbm,sex,3,1000,474,0.474,1.2942228317260742,0.09575915336608887
RS,compas,gbm,sex,4,1000,87,0.087,0.8699004650115967,0.06841921806335449
GA-FT,compas,gbm,sex,4,1000,517,0.517,1.2836164236068726,0.09719610214233398
RS,compas,gbm,sex,5,1000,65,0.065,0.9086700677871704,0.06845998764038086
GA-FT,compas,gbm,sex,5,1000,528,0.528,1.2121554613113403,0.09671282768249512
RS,compas,gbm,sex,6,1000,84,0.084,0.9646026492118835,0.06834101676940918
GA-FT,compas,gbm,sex,6,1000,551,0.551,1.3288321495056152,0.09703516960144043
RS,compas,gbm,sex,7,1000,84,0.084,0.8677217364311218,0.06895899772644043
GA-FT,compas,gbm,sex,7,1000,496,0.496,1.1295969486236572,0.09690499305725098
RS,compas,gbm,sex,8,1000,95,0.095,0.9561502933502197,0.07141280174255371
GA-FT,compas,gbm,sex,8,1000,491,0.491,1.1469684839248657,0.10004711151123047
RS,compas,gbm,sex,9,1000,99,0.099,0.9201358556747437,0.07156705856323242
GA-FT,compas,gbm,sex,9,1000,382,0.382,1.4351086616516113,0.09517097473144531
RS,compas,gbm,sex,10,1000,82,0.082,0.8857982158660889,0.06924605369567871
GA-FT,compas,gbm,sex,10,1000,489,0.489,1.3286843299865723,0.09745907783508301
RS,compas,gbm,sex,11,1000,97,0.097,0.8977841734886169,0.07096314430236816
GA-FT,compas,gbm,sex,11,1000,462,0.462,1.1974549293518066,0.10168290138244629
RS,compas,gbm,sex,12,1000,94,0.094,0.8432183861732483,0.0722508430480957
GA-FT,compas,gbm,sex,12,1000,520,0.52,1.1523957252502441,0.10221290588378906
RS,compas,gbm,sex,13,1000,85,0.085,0.8767056465148926,0.07230472564697266
GA-FT,compas,gbm,sex,13,1000,469,0.469,1.3379822969436646,0.10139107704162598
RS,compas,gbm,sex,14,1000,97,0.097,0.8290345668792725,0.06798791885375977
GA-FT,compas,gbm,sex,14,1000,444,0.444,1.399371862411499,0.09596014022827148
RS,compas,gbm,sex,15,1000,94,0.094,0.9574769735336304,0.06873130798339844
GA-FT,compas,gbm,sex,15,1000,494,0.494,1.3893955945968628,0.09690380096435547
RS,compas,gbm,sex,16,1000,95,0.095,0.79755038022995,0.0685417652130127
GA-FT,compas,gbm,sex,16,1000,562,0.562,1.1827882528305054,0.09818816184997559
RS,compas,gbm,sex,17,1000,92,0.092,0.9050922989845276,0.07022500038146973
GA-FT,compas,gbm,sex,17,1000,450,0.45,1.4483752250671387,0.09969615936279297
RS,compas,gbm,sex,18,1000,93,0.093,0.871543288230896,0.07155108451843262
GA-FT,compas,gbm,sex,18,1000,523,0.523,1.1858996152877808,0.10081672668457031
RS,compas,gbm,sex,19,1000,102,0.102,0.8957496285438538,0.07173991203308105
GA-FT,compas,gbm,sex,19,1000,557,0.557,1.3779125213623047,0.10200881958007812
RS,compas,gbm,sex,20,1000,90,0.09,0.9604086875915527,0.06939005851745605
GA-FT,compas,gbm,sex,20,1000,486,0.486,1.4104570150375366,0.09655189514160156
RS,compas,gbm,sex,21,1000,102,0.102,0.8949701189994812,0.06882476806640625
GA-FT,compas,gbm,sex,21,1000,464,0.464,1.3653279542922974,0.09630203247070312
RS,compas,gbm,sex,22,1000,107,0.107,0.8796637058258057,0.06957793235778809
GA-FT,compas,gbm,sex,22,1000,509,0.509,1.395196795463562,0.09799885749816895
RS,compas,gbm,sex,23,1000,89,0.089,0.9614987969398499,0.06974411010742188
GA-FT,compas,gbm,sex,23,1000,503,0.503,1.3634469509124756,0.1017160415649414
RS,compas,gbm,sex,24,1000,106,0.106,0.8838749527931213,0.07230281829833984
GA-FT,compas,gbm,sex,24,1000,504,0.504,1.385614037513733,0.10176515579223633
RS,compas,gbm,sex,25,1000,87,0.087,0.9044078588485718,0.07270693778991699
GA-FT,compas,gbm,sex,25,1000,524,0.524,1.3091621398925781,0.1022500991821289
RS,compas,gbm,sex,26,1000,104,0.104,0.8548824787139893,0.07264900207519531
GA-FT,compas,gbm,sex,26,1000,381,0.381,1.4174939393997192,0.10019898414611816
RS,compas,gbm,sex,27,1000,91,0.091,0.8987920880317688,0.07292389869689941
GA-FT,compas,gbm,sex,27,1000,525,0.525,1.1583970785140991,0.09981608390808105
RS,compas,gbm,sex,28,1000,91,0.091,0.9362164735794067,0.06923198699951172
GA-FT,compas,gbm,sex,28,1000,556,0.556,1.4374213218688965,0.09877705574035645
RS,compas,gbm,sex,29,1000,98,0.098,0.9231131076812744,0.06953191757202148
GA-FT,compas,gbm,sex,29,1000,519,0.519,1.3937674760818481,0.09700703620910645
RS,compas,gbm,race,0,1000,43,0.043,0.9529210329055786,0.07030582427978516
GA-FT,compas,gbm,race,0,1000,478,0.478,1.308292031288147,0.09927177429199219
RS,compas,gbm,race,1,1000,49,0.049,0.872979998588562,0.07147383689880371
GA-FT,compas,gbm,race,1,1000,534,0.534,1.409510612487793,0.09997391700744629
RS,compas,gbm,race,2,1000,57,0.057,0.9219527840614319,0.07196211814880371
GA-FT,compas,gbm,race,2,1000,477,0.477,1.3042116165161133,0.10036015510559082
RS,compas,gbm,race,3,1000,70,0.07,0.8561102151870728,0.07238888740539551
GA-FT,compas,gbm,race,3,1000,498,0.498,1.370685338973999,0.10121893882751465
RS,compas,gbm,race,4,1000,54,0.054,0.9429402947425842,0.07457804679870605
GA-FT,compas,gbm,race,4,1000,533,0.533,1.4121237993240356,0.1035919189453125
RS,compas,gbm,race,5,1000,45,0.045,0.9675273299217224,0.07410097122192383
GA-FT,compas,gbm,race,5,1000,432,0.432,1.383651614189148,0.10368180274963379
RS,compas,gbm,race,6,1000,45,0.045,0.9229261875152588,0.07505297660827637
GA-FT,compas,gbm,race,6,1000,495,0.495,1.2954517602920532,0.10409998893737793
RS,compas,gbm,race,7,1000,46,0.046,0.9706277847290039,0.07486677169799805
GA-FT,compas,gbm,race,7,1000,580,0.58,1.4953641891479492,0.10300183296203613
RS,compas,gbm,race,8,1000,49,0.049,0.9480755925178528,0.07053589820861816
GA-FT,compas,gbm,race,8,1000,567,0.567,1.389508843421936,0.1000509262084961
RS,compas,gbm,race,9,1000,45,0.045,0.9328702688217163,0.07098388671875
GA-FT,compas,gbm,race,9,1000,493,0.493,1.4090181589126587,0.10252976417541504
RS,compas,gbm,race,10,1000,43,0.043,0.8990162014961243,0.07328510284423828
GA-FT,compas,gbm,race,10,1000,564,0.564,1.2944283485412598,0.1026298999786377
RS,compas,gbm,race,11,1000,52,0.052,0.9289283156394958,0.07140398025512695
GA-FT,compas,gbm,race,11,1000,540,0.54,1.3267841339111328,0.10081815719604492
RS,compas,gbm,race,12,1000,41,0.041,0.8474270701408386,0.07175016403198242
GA-FT,compas,gbm,race,12,1000,505,0.505,1.44611394405365,0.10023093223571777
RS,compas,gbm,race,13,1000,50,0.05,0.8460513949394226,0.07118415832519531
GA-FT,compas,gbm,race,13,1000,560,0.56,1.4367073774337769,0.10036611557006836
RS,compas,gbm,race,14,1000,49,0.049,0.9040200114250183,0.0703117847442627
GA-FT,compas,gbm,race,14,1000,480,0.48,1.3941831588745117,0.09935379028320312
RS,compas,gbm,race,15,1000,51,0.051,0.9112269282341003,0.07108306884765625
GA-FT,compas,gbm,race,15,1000,547,0.547,1.48495352268219,0.10345721244812012
RS,compas,gbm,race,16,1000,44,0.044,0.9953684210777283,0.0735468864440918
GA-FT,compas,gbm,race,16,1000,478,0.478,1.3612515926361084,0.10572481155395508
RS,compas,gbm,race,17,1000,65,0.065,0.9176211357116699,0.07362890243530273
GA-FT,compas,gbm,race,17,1000,575,0.575,1.262631893157959,0.10482311248779297
RS,compas,gbm,race,18,1000,52,0.052,0.8938703536987305,0.0739142894744873
GA-FT,compas,gbm,race,18,1000,542,0.542,1.392463207244873,0.10375118255615234
RS,compas,gbm,race,19,1000,53,0.053,0.8777201175689697,0.0735468864440918
GA-FT,compas,gbm,race,19,1000,540,0.54,1.3907428979873657,0.10071706771850586
RS,compas,gbm,race,20,1000,46,0.046,0.8250024318695068,0.07097220420837402
GA-FT,compas,gbm,race,20,1000,485,0.485,1.4048658609390259,0.10029816627502441
RS,compas,gbm,race,21,1000,51,0.051,0.88080233335495,0.07039022445678711
GA-FT,compas,gbm,race,21,1000,477,0.477,1.3101853132247925,0.09999895095825195
RS,compas,gbm,race,22,1000,54,0.054,0.9115061163902283,0.07111930847167969
GA-FT,compas,gbm,race,22,1000,478,0.478,1.2776262760162354,0.10129880905151367
RS,compas,gbm,race,23,1000,45,0.045,0.8579515814781189,0.0735468864440918
GA-FT,compas,gbm,race,23,1000,506,0.506,1.3770231008529663,0.10341000556945801
RS,compas,gbm,race,24,1000,53,0.053,0.8884127736091614,0.07320690155029297
GA-FT,compas,gbm,race,24,1000,460,0.46,1.354622721672058,0.10297274589538574
RS,compas,gbm,race,25,1000,41,0.041,0.8895544409751892,0.073974609375
GA-FT,compas,gbm,race,25,1000,466,0.466,1.446987509727478,0.09932589530944824
RS,compas,gbm,race,26,1000,49,0.049,0.8935970664024353,0.07072305679321289
GA-FT,compas,gbm,race,26,1000,569,0.569,1.3666492700576782,0.10045790672302246
RS,compas,gbm,race,27,1000,51,0.051,0.8980543613433838,0.07195591926574707
GA-FT,compas,gbm,race,27,1000,470,0.47,1.3335105180740356,0.10351991653442383
RS,compas,gbm,race,28,1000,46,0.046,0.8669808506965637,0.07309174537658691
GA-FT,compas,gbm,race,28,1000,575,0.575,1.2941735982894897,0.1011960506439209
RS,compas,gbm,race,29,1000,44,0.044,0.8940379619598389,0.07094502449035645
GA-FT,compas,gbm,race,29,1000,470,0.47,1.4329513311386108,0.10003304481506348
